{"0.5": {"0.9": 0.569}, "0.4": {"0.9": 0.5824999999999999}, "0.3": {"0.9": 0.5919}, "0.2": {"0.9": 0.6023}, "0.6": {"0.9": 0.5509999999999999}, "0.7": {"0.9": 0.5282}, "0.8": {"0.9": 0.4959999999999999}, "0.9": {"0.9": 0.4321}, "0.1": {"0.9": 0.6121}}