{"0.5": {"0.9": 0.6566}, "0.4": {"0.9": 0.6622000000000001}, "0.3": {"0.9": 0.6771}, "0.2": {"0.9": 0.6898}, "0.1": {"0.9": 0.7000000000000001}, "0.7": {"0.9": 0.5645}, "0.8": {"0.9": 0.5134000000000001}, "0.9": {"0.9": 0.4039}, "0.6": {"0.9": 0.6264}}