{"0.1": {"0.9": 0.6008}, "0.2": {"0.9": 0.5982000000000001}, "0.3": {"0.9": 0.5951}, "0.4": {"0.9": 0.5963999999999999}, "0.5": {"0.9": 0.595}, "0.6": {"0.9": 0.5886}, "0.7": {"0.9": 0.5831999999999999}, "0.8": {"0.9": 0.5755999999999999}, "0.9": {"0.9": 0.5469}}