{"0.1": 0.5492484526967285, "0.2": 0.5603006189213086, "0.3": 0.5429784223558543, "0.4": 0.5352610867931201, "0.5": 0.5207117337012274, "0.6": 0.523405258813819, "0.7": 0.5115844260845398, "0.8": 0.45678848577303177, "0.9": 0.31639350705498565}