{"0.5": {"0.9": 0.6558999999999999}, "0.4": {"0.9": 0.6622}, "0.3": {"0.9": 0.6777}, "0.2": {"0.9": 0.6900999999999999}, "0.1": {"0.9": 0.6999}, "0.9": {"0.9": 0.3722}, "0.7": {"0.9": 0.5637000000000001}, "0.6": {"0.9": 0.6059000000000001}, "0.8": {"0.9": 0.45970000000000005}}