{"0.5": {"0.9": 0.8445}, "0.4": {"0.9": 0.8498999999999999}, "0.3": {"0.9": 0.853}, "0.2": {"0.9": 0.8558}, "0.1": {"0.9": 0.8588000000000001}, "0.9": {"0.9": 0.7624}, "0.8": {"0.9": 0.8131}, "0.7": {"0.9": 0.8309999999999998}, "0.6": {"0.9": 0.8396000000000001}}