{"0.5": {"0.9": 0.46630000000000005}, "0.4": {"0.9": 0.4767}, "0.3": {"0.9": 0.48460000000000003}, "0.2": {"0.9": 0.4928}, "0.6": {"0.9": 0.4537000000000001}, "0.7": {"0.9": 0.43629999999999997}, "0.8": {"0.9": 0.41459999999999997}, "0.9": {"0.9": 0.371}, "0.1": {"0.9": 0.5024}}