{"0.5": {"0.9": 0.8446999999999999}, "0.4": {"0.9": 0.8496999999999998}, "0.3": {"0.9": 0.8527999999999999}, "0.2": {"0.9": 0.8560000000000001}, "0.1": {"0.9": 0.8584000000000002}, "0.9": {"0.9": 0.7623000000000001}, "0.8": {"0.9": 0.8130000000000001}, "0.7": {"0.9": 0.8308}, "0.6": {"0.9": 0.8396000000000001}}