{"0.5": {"0.9": 0.6552}, "0.4": {"0.9": 0.6613}, "0.3": {"0.9": 0.6767}, "0.2": {"0.9": 0.6888000000000002}, "0.1": {"0.9": 0.6990000000000001}, "0.7": {"0.9": 0.5613000000000001}, "0.6": {"0.9": 0.6233}, "0.9": {"0.9": 0.40090000000000003}, "0.8": {"0.9": 0.509}}