{"0.5": {"0.9": 0.5698}, "0.4": {"0.9": 0.5824999999999999}, "0.3": {"0.9": 0.5919}, "0.2": {"0.9": 0.6018}, "0.6": {"0.9": 0.5509999999999999}, "0.7": {"0.9": 0.5291}, "0.8": {"0.9": 0.49529999999999996}, "0.9": {"0.9": 0.43149999999999994}, "0.1": {"0.9": 0.6130000000000001}}