{"0.5": {"0.9": 0.7367999999999999}, "0.4": {"0.9": 0.7753}, "0.3": {"0.9": 0.796}, "0.2": {"0.9": 0.8094999999999999}, "0.1": {"0.9": 0.8189999999999997}, "0.9": {"0.9": 0.07799999999999999}, "0.6": {"0.9": 0.6083000000000001}, "0.7": {"0.9": 0.1322}, "0.8": {"0.9": 0.10289999999999999}}