{"0.5": {"0.9": 0.8444999999999998}, "0.4": {"0.9": 0.8497}, "0.3": {"0.9": 0.8526}, "0.2": {"0.9": 0.8558}, "0.1": {"0.9": 0.8584000000000002}, "0.9": {"0.9": 0.7632999999999999}, "0.8": {"0.9": 0.8108000000000001}, "0.7": {"0.9": 0.8290000000000001}, "0.6": {"0.9": 0.8404}}