{"0.5": {"0.9": 0.4668}, "0.4": {"0.9": 0.47589999999999993}, "0.3": {"0.9": 0.484}, "0.2": {"0.9": 0.4932}, "0.6": {"0.9": 0.4508000000000001}, "0.7": {"0.9": 0.4363}, "0.8": {"0.9": 0.41109999999999997}, "0.9": {"0.9": 0.3721}, "0.1": {"0.9": 0.5026}}