{"0.5": {"0.9": 0.6557000000000001}, "0.4": {"0.9": 0.6619999999999999}, "0.3": {"0.9": 0.6771}, "0.2": {"0.9": 0.689}, "0.1": {"0.9": 0.6996}, "0.9": {"0.9": 0.3721}, "0.7": {"0.9": 0.564}, "0.8": {"0.9": 0.4609}, "0.6": {"0.9": 0.6048}}