{"0.5": {"0.9": 0.6548999999999999}, "0.4": {"0.9": 0.6609}, "0.3": {"0.9": 0.6767}, "0.2": {"0.9": 0.6892}, "0.1": {"0.9": 0.6992}, "0.6": {"0.9": 0.6040000000000001}, "0.7": {"0.9": 0.562}, "0.9": {"0.9": 0.36669999999999997}, "0.8": {"0.9": 0.45630000000000004}}