{"0.1": 0.8166224580017684, "0.2": 0.8060123784261716, "0.3": 0.8011437330503478, "0.4": 0.7877260467789715, "0.5": 0.7597368141780749, "0.6": 0.6928428251385449, "0.7": 0.19780691780994972, "0.8": 0.10820012823063828, "0.9": 0.08471878316236292}