{"0.1": 0.5069849690539345, "0.2": 0.4976127320954907, "0.3": 0.48537908265534724, "0.4": 0.47941813679975237, "0.5": 0.46906505359227424, "0.6": 0.4389812522108241, "0.7": 0.42646352863892467, "0.8": 0.3995710906236873, "0.9": 0.33840349015446297}