{"0.1": 0.8551724137931034, "0.2": 0.8517241379310344, "0.3": 0.8498997759698149, "0.4": 0.8469735154971924, "0.5": 0.8436096076974778, "0.6": 0.8353967692489093, "0.7": 0.8292781525556482, "0.8": 0.8084941743494506, "0.9": 0.7737884683409976}