{"0.1": {"0.9": 0.6008}, "0.2": {"0.9": 0.5982000000000001}, "0.3": {"0.9": 0.595}, "0.4": {"0.9": 0.5969}, "0.5": {"0.9": 0.5953}, "0.6": {"0.9": 0.5883999999999999}, "0.7": {"0.9": 0.5852999999999999}, "0.8": {"0.9": 0.5761999999999999}, "0.9": {"0.9": 0.5464}}