{"0.5": {"0.9": 0.8443999999999999}, "0.4": {"0.9": 0.8497999999999999}, "0.3": {"0.9": 0.8526999999999999}, "0.2": {"0.9": 0.8558999999999999}, "0.1": {"0.9": 0.8586}, "0.9": {"0.9": 0.7655999999999998}, "0.8": {"0.9": 0.8132999999999999}, "0.7": {"0.9": 0.8301000000000001}, "0.6": {"0.9": 0.8390000000000001}}