{"0.1": 0.7170645446507514, "0.2": 0.7000000000000001, "0.3": 0.6850607239712297, "0.4": 0.6534907370561966, "0.5": 0.6611128798330327, "0.6": 0.628021459733522, "0.7": 0.6121428030015917, "0.8": 0.5944153346156398, "0.9": 0.4466061392131431}