{"0.5": {"0.9": 0.8445}, "0.4": {"0.9": 0.8496999999999998}, "0.3": {"0.9": 0.8527999999999999}, "0.2": {"0.9": 0.8558999999999999}, "0.1": {"0.9": 0.8583000000000001}, "0.9": {"0.9": 0.7655999999999998}, "0.7": {"0.9": 0.8299}, "0.8": {"0.9": 0.8132999999999999}, "0.6": {"0.9": 0.8390000000000001}}