{"0.5": {"0.9": 0.5696}, "0.4": {"0.9": 0.5817000000000001}, "0.3": {"0.9": 0.5926}, "0.2": {"0.9": 0.6023000000000001}, "0.6": {"0.9": 0.5517000000000001}, "0.7": {"0.9": 0.5305000000000001}, "0.8": {"0.9": 0.4951}, "0.9": {"0.9": 0.4311999999999999}, "0.1": {"0.9": 0.6121}}