{"0.5": {"0.9": 0.7365999999999999}, "0.4": {"0.9": 0.7751}, "0.3": {"0.9": 0.796}, "0.2": {"0.9": 0.8093}, "0.1": {"0.9": 0.8192999999999999}, "0.9": {"0.9": 0.07749999999999999}, "0.6": {"0.9": 0.611}, "0.7": {"0.9": 0.12240000000000002}, "0.8": {"0.9": 0.1024}}