{"0.1": 0.6139699381078692, "0.2": 0.6047745358090185, "0.3": 0.5937389458790238, "0.4": 0.5748773046823186, "0.5": 0.5701651986274717, "0.6": 0.5540325433321542, "0.7": 0.5254806842012179, "0.8": 0.4761557338993169, "0.9": 0.4096215068977715}