{"0.5": {"0.9": 0.8443999999999999}, "0.4": {"0.9": 0.8501}, "0.3": {"0.9": 0.8527999999999999}, "0.2": {"0.9": 0.8560000000000001}, "0.1": {"0.9": 0.8583000000000001}, "0.9": {"0.9": 0.7654000000000001}, "0.8": {"0.9": 0.8132999999999999}, "0.7": {"0.9": 0.8301999999999999}, "0.6": {"0.9": 0.8389}}