{"0.5": {"0.9": 0.7335999999999999}, "0.4": {"0.9": 0.7777999999999998}, "0.3": {"0.9": 0.7988000000000001}, "0.2": {"0.9": 0.8116}, "0.1": {"0.9": 0.8184000000000001}, "0.9": {"0.9": 0.07759999999999999}, "0.6": {"0.9": 0.6157999999999999}, "0.7": {"0.9": 0.1226}, "0.8": {"0.9": 0.1025}}