{"0.5": {"0.9": 0.6557000000000001}, "0.4": {"0.9": 0.6601999999999999}, "0.3": {"0.9": 0.6757}, "0.2": {"0.9": 0.6886999999999999}, "0.1": {"0.9": 0.6983999999999999}, "0.6": {"0.9": 0.6460999999999999}, "0.8": {"0.9": 0.5328}, "0.9": {"0.9": 0.40540000000000004}, "0.7": {"0.9": 0.6048}}