{"0.3": {"0.1": 0.16440000000000002, "0.9": 0.1637, "0.5": 0.1714}, "0.2": {"0.5": 0.15709999999999996, "0.9": 0.17779999999999999, "0.1": 0.182}, "0.1": {"0.1": 0.162, "0.9": 0.16240000000000002, "0.5": 0.1705}, "0.4": {"0.1": 0.17560000000000003, "0.5": 0.1538, "0.9": 0.1719}, "0.5": {"0.1": 0.1619, "0.9": 0.1601, "0.5": 0.17269999999999996}, "0.7": {"0.1": 0.173, "0.5": 0.1711, "0.9": 0.175}, "0.6": {"0.5": 0.1671, "0.1": 0.16849999999999998, "0.9": 0.17099999999999999}, "0.9": {"0.1": 0.1769, "0.9": 0.1745, "0.5": 0.1729}, "0.8": {"0.5": 0.17729999999999999, "0.9": 0.1729, "0.1": 0.1808}}