{"0.3": {"0.1": 0.16469999999999999, "0.9": 0.1637, "0.5": 0.1714}, "0.1": {"0.1": 0.1618, "0.9": 0.16240000000000002, "0.5": 0.1699}, "0.2": {"0.5": 0.15709999999999996, "0.1": 0.1814, "0.9": 0.1779}, "0.4": {"0.1": 0.1743, "0.5": 0.1538, "0.9": 0.1718}, "0.5": {"0.1": 0.1604, "0.9": 0.15999999999999998, "0.5": 0.17319999999999997}, "0.6": {"0.5": 0.167, "0.1": 0.17170000000000002, "0.9": 0.17099999999999999}, "0.7": {"0.1": 0.16940000000000002, "0.5": 0.17120000000000002, "0.9": 0.1749}, "0.9": {"0.1": 0.1742, "0.9": 0.17419999999999997, "0.5": 0.1723}, "0.8": {"0.5": 0.17749999999999996, "0.1": 0.17989999999999998, "0.9": 0.1728}}