{"0.3": {"0.1": 0.1653, "0.9": 0.1637, "0.5": 0.18259999999999998}, "0.1": {"0.1": 0.1617, "0.9": 0.16240000000000002, "0.5": 0.1833}, "0.2": {"0.5": 0.15719999999999998, "0.1": 0.1842, "0.9": 0.18309999999999998}, "0.4": {"0.1": 0.1748, "0.5": 0.1641, "0.9": 0.1792}, "0.5": {"0.1": 0.16519999999999999, "0.9": 0.1636, "0.5": 0.181}, "0.7": {"0.1": 0.16610000000000003, "0.5": 0.17529999999999996, "0.9": 0.1746}, "0.6": {"0.5": 0.1638, "0.1": 0.1748, "0.9": 0.17509999999999998}, "0.9": {"0.1": 0.17579999999999998, "0.9": 0.17220000000000002, "0.5": 0.1721}, "0.8": {"0.5": 0.1738, "0.1": 0.1696, "0.9": 0.173}}