{"0.1": 0.15579153831726383, "0.2": 0.17230273752012884, "0.3": 0.18029447562019799, "0.4": 0.1652993492055764, "0.5": 0.18032490740276172, "0.6": 0.1688854891372107, "0.7": 0.18170252097536058, "0.8": 0.16491606663760697, "0.9": 0.175049872926516}