{"0.3": {"0.1": 0.1645, "0.9": 0.1637, "0.5": 0.1562}, "0.1": {"0.1": 0.1621, "0.9": 0.16240000000000002, "0.5": 0.19119999999999998}, "0.2": {"0.5": 0.15719999999999998, "0.1": 0.1646, "0.9": 0.1564}, "0.4": {"0.1": 0.18319999999999997, "0.5": 0.1721, "0.9": 0.1657}, "0.5": {"0.1": 0.16570000000000001, "0.9": 0.1725, "0.5": 0.17850000000000002}, "0.7": {"0.1": 0.17279999999999998, "0.5": 0.1744, "0.9": 0.17099999999999999}, "0.6": {"0.5": 0.17550000000000002, "0.1": 0.174, "0.9": 0.1854}, "0.9": {"0.1": 0.1726, "0.9": 0.175, "0.5": 0.17270000000000002}, "0.8": {"0.5": 0.1699, "0.1": 0.16140000000000002, "0.9": 0.17450000000000002}}