{"0.1": 0.737, "0.2": 0.7290000000000001, "0.3": 0.7283333333333334, "0.4": 0.7339166666666667, "0.5": 0.7177333333333333, "0.6": 0.7525555555555555, "0.7": 0.6982380952380952, "0.8": 0.733, "0.9": 0.7431851851851853}