{"0.3": {"0.1": 0.17800000000000002, "0.9": 0.42279999999999995, "0.5": 0.3592}, "0.1": {"0.1": 0.21000000000000002, "0.9": 0.44609999999999994, "0.5": 0.3818}, "0.2": {"0.5": 0.3678, "0.1": 0.19360000000000002, "0.9": 0.41740000000000005}, "0.4": {"0.1": 0.17379999999999998, "0.5": 0.3545, "0.9": 0.4203}, "0.5": {"0.1": 0.14980000000000002, "0.9": 0.3888, "0.5": 0.3302}, "0.7": {"0.1": 0.1065, "0.5": 0.27530000000000004, "0.9": 0.3269}, "0.6": {"0.5": 0.3055, "0.1": 0.11700000000000002, "0.9": 0.3617}, "0.9": {"0.1": 0.0518, "0.5": 0.1353, "0.9": 0.1588}, "0.8": {"0.5": 0.2121, "0.1": 0.0962, "0.9": 0.2692}}