{"0.3": {"0.9": 0.7232999999999998, "0.5": 0.7146999999999999, "0.1": 0.6312999999999999}, "0.2": {"0.9": 0.7276999999999999, "0.5": 0.7260000000000001, "0.1": 0.6233}, "0.1": {"0.9": 0.7250999999999997, "0.5": 0.7221, "0.1": 0.6261}, "0.4": {"0.1": 0.6315000000000001, "0.9": 0.7253, "0.5": 0.6641999999999999}, "0.5": {"0.9": 0.6926, "0.5": 0.6633, "0.1": 0.5642000000000001}, "0.6": {"0.9": 0.6888000000000001, "0.5": 0.6458, "0.1": 0.5411}, "0.7": {"0.9": 0.7001, "0.1": 0.5628, "0.5": 0.6262000000000001}, "0.8": {"0.9": 0.6496999999999999, "0.5": 0.6093000000000001, "0.1": 0.5836999999999999}, "0.9": {"0.1": 0.5550999999999999, "0.5": 0.6189, "0.9": 0.61}}