{"0.3": {"0.1": 0.7828999999999999, "0.9": 0.8574999999999999, "0.5": 0.8379999999999999}, "0.1": {"0.1": 0.7903, "0.9": 0.8560999999999999, "0.5": 0.8432000000000001}, "0.2": {"0.5": 0.8486, "0.1": 0.7906000000000001, "0.9": 0.8555999999999999}, "0.4": {"0.1": 0.7734, "0.5": 0.8364999999999998, "0.9": 0.853}, "0.5": {"0.1": 0.7592000000000001, "0.9": 0.8472999999999999, "0.5": 0.8335000000000001}, "0.6": {"0.5": 0.8239000000000001, "0.1": 0.7478999999999999, "0.9": 0.8425}, "0.7": {"0.1": 0.7299, "0.5": 0.8170999999999999, "0.9": 0.8335999999999999}, "0.9": {"0.1": 0.6458999999999999, "0.9": 0.7862, "0.5": 0.7596}, "0.8": {"0.5": 0.7928999999999999, "0.1": 0.6961, "0.9": 0.8230000000000001}}