{"0.1": 0.7316666666666666, "0.2": 0.734, "0.3": 0.7348888888888888, "0.4": 0.7351666666666666, "0.5": 0.735, "0.6": 0.7367777777777778, "0.7": 0.7454761904761904, "0.8": 0.7375833333333333, "0.9": 0.7400000000000001}