{"0.1": 0.8406666666666668, "0.2": 0.8326666666666668, "0.3": 0.8366666666666666, "0.4": 0.8412499999999999, "0.5": 0.84, "0.6": 0.8332777777777779, "0.7": 0.834, "0.8": 0.8391666666666667, "0.9": 0.839851851851852}