{"0.5": {"0.9": 0.8527999999999999}, "0.4": {"0.9": 0.8517999999999999}, "0.3": {"0.9": 0.8516999999999999}, "0.2": {"0.9": 0.8520999999999999}, "0.1": {"0.9": 0.8505999999999998}, "0.9": {"0.9": 0.8109}, "0.8": {"0.9": 0.8513}, "0.7": {"0.9": 0.8539}, "0.6": {"0.9": 0.8545999999999999}}