{"0.3": {"0.1": 0.7821, "0.9": 0.8574999999999999, "0.5": 0.8385}, "0.1": {"0.1": 0.7907000000000001, "0.9": 0.8557, "0.5": 0.8428000000000001}, "0.2": {"0.5": 0.8483, "0.1": 0.7889999999999999, "0.9": 0.8555999999999999}, "0.4": {"0.1": 0.7736, "0.5": 0.8365, "0.9": 0.8529000000000002}, "0.5": {"0.1": 0.7579, "0.9": 0.8474999999999999, "0.5": 0.8342}, "0.7": {"0.1": 0.7262, "0.5": 0.8166, "0.9": 0.8337}, "0.6": {"0.5": 0.8237, "0.1": 0.7472, "0.9": 0.8426}, "0.9": {"0.1": 0.6453999999999999, "0.9": 0.7862, "0.5": 0.7596}, "0.8": {"0.5": 0.7915, "0.1": 0.6912, "0.9": 0.8227}}