{"0.1": 0.34990071978158355, "0.2": 0.4842105263157895, "0.3": 0.4106383812266165, "0.4": 0.41516352317367505, "0.5": 0.3784741981153354, "0.6": 0.3271269186049983, "0.7": 0.3193772554825576, "0.8": 0.24284081121290424, "0.9": 0.09741885996396338}