{"0.3": {"0.1": 0.21789999999999998, "0.9": 0.538, "0.5": 0.48860000000000003}, "0.1": {"0.1": 0.2696, "0.9": 0.5730000000000001, "0.5": 0.5042}, "0.2": {"0.5": 0.514, "0.1": 0.23080000000000003, "0.9": 0.56}, "0.4": {"0.1": 0.1949, "0.5": 0.4713, "0.9": 0.5437}, "0.5": {"0.1": 0.1785, "0.9": 0.5151, "0.5": 0.4413}, "0.7": {"0.1": 0.10919999999999999, "0.5": 0.3516, "0.9": 0.45709999999999995}, "0.6": {"0.5": 0.41240000000000004, "0.1": 0.1259, "0.9": 0.4872000000000001}, "0.9": {"0.1": 0.0476, "0.5": 0.15360000000000001, "0.9": 0.24830000000000002}, "0.8": {"0.5": 0.27859999999999996, "0.1": 0.0716, "0.9": 0.3933}}