{"0.1": 0.6566666666666667, "0.2": 0.6513333333333334, "0.3": 0.652, "0.4": 0.6421666666666667, "0.5": 0.6369333333333334, "0.6": 0.6182777777777778, "0.7": 0.6087142857142857, "0.8": 0.61675, "0.9": 0.7241111111111111}