{"0.3": {"0.1": 0.16890000000000002, "0.9": 0.4236, "0.5": 0.3316}, "0.1": {"0.1": 0.19369999999999998, "0.9": 0.4471, "0.5": 0.35419999999999996}, "0.2": {"0.5": 0.36829999999999996, "0.1": 0.16099999999999998, "0.9": 0.3886}, "0.4": {"0.1": 0.1383, "0.5": 0.34430000000000005, "0.9": 0.41279999999999994}, "0.5": {"0.1": 0.1412, "0.9": 0.38060000000000005, "0.5": 0.32320000000000004}, "0.6": {"0.5": 0.2928, "0.1": 0.12710000000000002, "0.9": 0.36760000000000004}, "0.7": {"0.1": 0.08979999999999999, "0.5": 0.2683, "0.9": 0.3235}, "0.9": {"0.1": 0.0038, "0.5": 0.0723, "0.9": 0.14339999999999997}, "0.8": {"0.5": 0.18760000000000002, "0.1": 0.0384, "0.9": 0.2634}}