{"0.1": 0.8622688690291107, "0.2": 0.8608677290191009, "0.3": 0.8589841824817523, "0.4": 0.8537795876454076, "0.5": 0.8532168194357223, "0.6": 0.8471906883897544, "0.7": 0.85065315553067, "0.8": 0.8356613826939213, "0.9": 0.8171848537426145}