{"0.5": {"0.9": 0.718}, "0.4": {"0.9": 0.7175999999999998}, "0.3": {"0.9": 0.7186999999999999}, "0.2": {"0.9": 0.7212}, "0.6": {"0.9": 0.7138000000000001}, "0.7": {"0.9": 0.7066000000000001}, "0.8": {"0.9": 0.7036}, "0.9": {"0.9": 0.6931999999999998}, "0.1": {"0.9": 0.7234999999999999}}