{"0.3": {"0.1": 0.2283, "0.9": 0.5372999999999999, "0.5": 0.48460000000000003}, "0.1": {"0.1": 0.29240000000000005, "0.9": 0.5732999999999999, "0.5": 0.53}, "0.2": {"0.5": 0.517, "0.1": 0.2591, "0.9": 0.5711999999999999}, "0.4": {"0.1": 0.2186, "0.5": 0.4676, "0.9": 0.5334000000000001}, "0.5": {"0.1": 0.1651, "0.9": 0.5113000000000001, "0.5": 0.44190000000000007}, "0.7": {"0.1": 0.1089, "0.5": 0.357, "0.9": 0.46229999999999993}, "0.6": {"0.5": 0.4041, "0.1": 0.1473, "0.9": 0.48579999999999995}, "0.9": {"0.1": 0.0588, "0.9": 0.25389999999999996, "0.5": 0.15300000000000002}, "0.8": {"0.5": 0.29250000000000004, "0.1": 0.0696, "0.9": 0.395}}