{"0.4": {"0.1": 0.6401, "0.5": 0.6803, "0.9": 0.7208999999999999}, "0.3": {"0.1": 0.6222, "0.5": 0.7182999999999999, "0.9": 0.7234999999999999}, "0.2": {"0.1": 0.6242999999999999, "0.5": 0.7266, "0.9": 0.7281000000000001}, "0.1": {"0.1": 0.6304000000000001, "0.5": 0.7236, "0.9": 0.726}, "0.5": {"0.1": 0.5810000000000001, "0.5": 0.6985, "0.9": 0.7304000000000002}, "0.6": {"0.1": 0.6389000000000001, "0.5": 0.6772, "0.9": 0.7153999999999999}, "0.7": {"0.1": 0.594, "0.5": 0.6713999999999999, "0.9": 0.7135999999999999}, "0.8": {"0.1": 0.5594, "0.5": 0.6575, "0.9": 0.7091}, "0.9": {"0.1": 0.5279, "0.5": 0.5936, "0.9": 0.6554}}