{"0.5": {"0.9": 0.7344999999999999}, "0.4": {"0.9": 0.7397}, "0.3": {"0.9": 0.7437000000000001}, "0.6": {"0.9": 0.7252000000000001}, "0.7": {"0.9": 0.7165}, "0.2": {"0.9": 0.7494}, "0.8": {"0.9": 0.7013}, "0.9": {"0.9": 0.6733}, "0.1": {"0.9": 0.7529000000000001}}