{"0.5": {"0.9": 0.7347}, "0.4": {"0.9": 0.7398}, "0.3": {"0.9": 0.7436}, "0.6": {"0.9": 0.7255999999999999}, "0.7": {"0.9": 0.7161000000000002}, "0.2": {"0.9": 0.7485}, "0.8": {"0.9": 0.7014}, "0.9": {"0.9": 0.6765000000000001}, "0.1": {"0.9": 0.7520000000000001}}