{"0.5": {"0.9": 0.7175}, "0.4": {"0.9": 0.7177}, "0.3": {"0.9": 0.7192999999999999}, "0.6": {"0.9": 0.7095999999999999}, "0.7": {"0.9": 0.7096999999999999}, "0.2": {"0.9": 0.7207}, "0.8": {"0.9": 0.7065999999999999}, "0.9": {"0.9": 0.6895}, "0.1": {"0.9": 0.7214}}