{"0.4": {"0.1": 0.7522, "0.5": 0.8301999999999999, "0.9": 0.8447999999999999}, "0.3": {"0.1": 0.762, "0.5": 0.8362999999999999, "0.9": 0.8501}, "0.2": {"0.1": 0.7724000000000001, "0.5": 0.8422999999999998, "0.9": 0.8533999999999999}, "0.1": {"0.1": 0.7828, "0.5": 0.8467, "0.9": 0.8560000000000001}, "0.5": {"0.1": 0.7431000000000001, "0.5": 0.8253999999999999, "0.9": 0.8414999999999999}, "0.6": {"0.1": 0.7298, "0.5": 0.8200000000000001, "0.9": 0.8366}, "0.7": {"0.1": 0.7099, "0.5": 0.806, "0.9": 0.8289}, "0.8": {"0.1": 0.6819, "0.5": 0.7844, "0.9": 0.8123999999999999}, "0.9": {"0.1": 0.6351, "0.5": 0.7445, "0.9": 0.7802}}