{"0.1": 0.759, "0.2": 0.7688333333333333, "0.3": 0.7504444444444444, "0.4": 0.7411666666666666, "0.5": 0.7394666666666666, "0.6": 0.7540555555555556, "0.7": 0.7462857142857143, "0.8": 0.7378333333333332, "0.9": 0.7254074074074074}