{"0.3": {"0.1": 0.23209999999999997, "0.9": 0.5373, "0.5": 0.4899}, "0.1": {"0.1": 0.27729999999999994, "0.9": 0.5725, "0.5": 0.5002000000000001}, "0.2": {"0.5": 0.5130999999999999, "0.1": 0.24710000000000001, "0.9": 0.5605}, "0.4": {"0.1": 0.2031, "0.5": 0.47329999999999994, "0.9": 0.5441}, "0.5": {"0.1": 0.19019999999999998, "0.9": 0.5166999999999999, "0.5": 0.4457000000000001}, "0.6": {"0.5": 0.4196, "0.1": 0.1424, "0.9": 0.4891}, "0.7": {"0.1": 0.1236, "0.5": 0.3648, "0.9": 0.45999999999999996}, "0.9": {"0.1": 0.0316, "0.5": 0.1585, "0.9": 0.2468}, "0.8": {"0.5": 0.2849, "0.1": 0.08049999999999999, "0.9": 0.39490000000000003}}