{"0.1": 0.524898068791727, "0.2": 0.5351807750595367, "0.3": 0.530119606335655, "0.4": 0.5240409619559129, "0.5": 0.49445088206622945, "0.6": 0.4737346745112818, "0.7": 0.4526300462910943, "0.8": 0.3715187433336327, "0.9": 0.1986156755002548}