{"0.5": {"0.9": 0.8526}, "0.4": {"0.9": 0.8516999999999999}, "0.3": {"0.9": 0.8513}, "0.2": {"0.9": 0.8519}, "0.1": {"0.9": 0.8508000000000001}, "0.9": {"0.9": 0.829}, "0.8": {"0.9": 0.8522000000000001}, "0.7": {"0.9": 0.8511000000000001}, "0.6": {"0.9": 0.8541000000000001}}