{"0.5": {"0.9": 0.6536}, "0.4": {"0.9": 0.6545}, "0.3": {"0.9": 0.6548}, "0.2": {"0.9": 0.6544000000000001}, "0.1": {"0.9": 0.6533}, "0.7": {"0.9": 0.6561999999999999}, "0.6": {"0.9": 0.6551}, "0.8": {"0.9": 0.6541}, "0.9": {"0.9": 0.6516}}