{"0.3": {"0.1": 0.7819, "0.9": 0.8575999999999999, "0.5": 0.8405999999999999}, "0.1": {"0.1": 0.792, "0.9": 0.8554999999999999, "0.5": 0.8485999999999999}, "0.2": {"0.5": 0.8482, "0.1": 0.7826, "0.9": 0.8568999999999999}, "0.4": {"0.1": 0.7680000000000001, "0.5": 0.8379, "0.9": 0.8526999999999999}, "0.5": {"0.1": 0.7609, "0.9": 0.8507, "0.5": 0.8341}, "0.7": {"0.1": 0.7302000000000002, "0.5": 0.8172, "0.9": 0.8362}, "0.6": {"0.5": 0.8230000000000001, "0.1": 0.7478999999999999, "0.9": 0.8440000000000001}, "0.9": {"0.1": 0.6232, "0.9": 0.794, "0.5": 0.7602}, "0.8": {"0.5": 0.8004, "0.1": 0.6663, "0.9": 0.8201999999999998}}