{"0.5": {"0.9": 0.7169000000000001}, "0.4": {"0.9": 0.7186999999999999}, "0.3": {"0.9": 0.7190999999999999}, "0.6": {"0.9": 0.7138}, "0.7": {"0.9": 0.7115}, "0.2": {"0.9": 0.724}, "0.8": {"0.9": 0.7061999999999999}, "0.9": {"0.9": 0.6939}, "0.1": {"0.9": 0.7247999999999999}}