{"0.3": {"0.1": 0.09430000000000001, "0.9": 0.418, "0.5": 0.3641}, "0.1": {"0.1": 0.1159, "0.9": 0.44349999999999995, "0.5": 0.3625}, "0.2": {"0.5": 0.3641, "0.1": 0.11889999999999998, "0.9": 0.4022}, "0.4": {"0.1": 0.0441, "0.5": 0.3318, "0.9": 0.40090000000000003}, "0.5": {"0.1": 0.059899999999999995, "0.9": 0.3853, "0.5": 0.30700000000000005}, "0.7": {"0.1": 0.016900000000000002, "0.5": 0.2305, "0.9": 0.32100000000000006}, "0.6": {"0.5": 0.2772, "0.1": 0.039900000000000005, "0.9": 0.35690000000000005}, "0.9": {"0.1": 0.0005, "0.5": 0.05590000000000002, "0.9": 0.1246}, "0.8": {"0.5": 0.1478, "0.1": 0.0075, "0.9": 0.25939999999999996}}