{"0.4": {"0.1": 0.7531, "0.5": 0.8334999999999999, "0.9": 0.8443999999999999}, "0.3": {"0.1": 0.762, "0.5": 0.8366, "0.9": 0.8507000000000001}, "0.2": {"0.1": 0.771, "0.5": 0.8421999999999998, "0.9": 0.8535999999999998}, "0.1": {"0.1": 0.7822, "0.5": 0.8464, "0.9": 0.8561}, "0.5": {"0.1": 0.7428999999999999, "0.5": 0.8272, "0.9": 0.8438999999999999}, "0.6": {"0.1": 0.7348999999999999, "0.5": 0.8196999999999999, "0.9": 0.8382}, "0.7": {"0.1": 0.7098999999999999, "0.5": 0.8064, "0.9": 0.8311999999999999}, "0.8": {"0.1": 0.6872, "0.5": 0.7872000000000001, "0.9": 0.8146000000000001}, "0.9": {"0.1": 0.6338000000000001, "0.5": 0.742, "0.9": 0.7851000000000001}}