{"0.5": {"0.9": 0.8526}, "0.4": {"0.9": 0.8516999999999999}, "0.3": {"0.9": 0.8516}, "0.2": {"0.9": 0.852}, "0.1": {"0.9": 0.8507000000000001}, "0.9": {"0.9": 0.8139999999999998}, "0.8": {"0.9": 0.8517999999999999}, "0.7": {"0.9": 0.8535999999999999}, "0.6": {"0.9": 0.8524999999999998}}