{"0.4": {"0.1": 0.6590999999999999, "0.5": 0.6870999999999999, "0.9": 0.7208}, "0.3": {"0.1": 0.6515, "0.5": 0.7202, "0.9": 0.726}, "0.2": {"0.1": 0.6433, "0.5": 0.7294, "0.9": 0.7298}, "0.1": {"0.1": 0.6465000000000001, "0.5": 0.7273000000000001, "0.9": 0.7275999999999999}, "0.5": {"0.1": 0.625, "0.5": 0.6815999999999999, "0.9": 0.7129000000000001}, "0.6": {"0.1": 0.6430999999999999, "0.5": 0.6821999999999999, "0.9": 0.6914}, "0.7": {"0.1": 0.6319, "0.5": 0.6926, "0.9": 0.6912999999999999}, "0.8": {"0.1": 0.6084999999999999, "0.5": 0.6397, "0.9": 0.6970000000000001}, "0.9": {"0.1": 0.5906, "0.5": 0.6365000000000001, "0.9": 0.6416999999999999}}