{"0.5": {"0.9": 0.8526000000000001}, "0.4": {"0.9": 0.8516}, "0.3": {"0.9": 0.8513}, "0.2": {"0.9": 0.852}, "0.1": {"0.9": 0.8508999999999999}, "0.9": {"0.9": 0.8142999999999999}, "0.8": {"0.9": 0.8519}, "0.7": {"0.9": 0.8533000000000002}, "0.6": {"0.9": 0.8526999999999999}}