{"0.4": {"0.1": 0.752, "0.5": 0.8327, "0.9": 0.8461000000000001}, "0.3": {"0.1": 0.763, "0.5": 0.8367000000000001, "0.9": 0.8507}, "0.2": {"0.1": 0.7730000000000001, "0.5": 0.8425, "0.9": 0.8533999999999999}, "0.1": {"0.1": 0.7833, "0.5": 0.8470000000000001, "0.9": 0.8553999999999998}, "0.5": {"0.1": 0.7472000000000001, "0.5": 0.8272, "0.9": 0.8427999999999999}, "0.6": {"0.1": 0.7319000000000001, "0.5": 0.8183, "0.9": 0.8378}, "0.7": {"0.1": 0.7173, "0.5": 0.8061, "0.9": 0.8292999999999999}, "0.8": {"0.1": 0.6757, "0.5": 0.7865, "0.9": 0.8145}, "0.9": {"0.1": 0.6375, "0.5": 0.7455, "0.9": 0.7797}}