{"0.4": {"0.1": 0.6607000000000001, "0.5": 0.6735, "0.9": 0.7272}, "0.3": {"0.1": 0.6483, "0.5": 0.7194, "0.9": 0.7245999999999999}, "0.2": {"0.1": 0.6456999999999999, "0.5": 0.7283999999999999, "0.9": 0.7290999999999999}, "0.1": {"0.1": 0.6422000000000001, "0.5": 0.7263, "0.9": 0.7270000000000001}, "0.5": {"0.1": 0.6002, "0.5": 0.6718999999999999, "0.9": 0.6977}, "0.6": {"0.1": 0.5861000000000001, "0.5": 0.6584000000000001, "0.9": 0.6955}, "0.7": {"0.1": 0.6152, "0.5": 0.6416000000000001, "0.9": 0.7048}, "0.8": {"0.1": 0.6159, "0.5": 0.6592, "0.9": 0.6668000000000001}, "0.9": {"0.1": 0.603, "0.5": 0.6323000000000001, "0.9": 0.6292}}