{"0.5": {"0.9": 0.7342}, "0.4": {"0.9": 0.7392}, "0.3": {"0.9": 0.7434999999999999}, "0.2": {"0.9": 0.748}, "0.6": {"0.9": 0.7269}, "0.7": {"0.9": 0.718}, "0.8": {"0.9": 0.7028}, "0.9": {"0.9": 0.6692000000000001}, "0.1": {"0.9": 0.7533000000000001}}