{"0.1": 0.8636666666666666, "0.2": 0.8666666666666666, "0.3": 0.8558888888888889, "0.4": 0.8526666666666666, "0.5": 0.8550666666666666, "0.6": 0.8525555555555555, "0.7": 0.8396666666666667, "0.8": 0.8365416666666666, "0.9": 0.8135555555555555}