{"0.5": {"0.9": 0.7325999999999999}, "0.4": {"0.9": 0.7390000000000001}, "0.3": {"0.9": 0.7439000000000001}, "0.2": {"0.9": 0.7476999999999998}, "0.6": {"0.9": 0.7257}, "0.7": {"0.9": 0.7163000000000002}, "0.8": {"0.9": 0.7032999999999998}, "0.9": {"0.9": 0.6659999999999999}, "0.1": {"0.9": 0.7519}}