{"0.4": {"0.1": 0.753, "0.5": 0.8300999999999998, "0.9": 0.8441000000000001}, "0.3": {"0.1": 0.7617, "0.5": 0.8361999999999998, "0.9": 0.8506}, "0.2": {"0.1": 0.7731, "0.5": 0.8419999999999999, "0.9": 0.8543}, "0.1": {"0.1": 0.784, "0.5": 0.8472000000000002, "0.9": 0.8555999999999999}, "0.5": {"0.1": 0.7436, "0.5": 0.8252, "0.9": 0.8449}, "0.6": {"0.1": 0.7316999999999999, "0.5": 0.8174999999999999, "0.9": 0.8366}, "0.7": {"0.1": 0.7148999999999999, "0.5": 0.8065, "0.9": 0.8289}, "0.8": {"0.1": 0.6841, "0.5": 0.7847999999999999, "0.9": 0.8122}, "0.9": {"0.1": 0.6418000000000001, "0.5": 0.7457999999999998, "0.9": 0.7792000000000001}}