{"0.3": {"0.1": 0.7820000000000001, "0.9": 0.8579000000000001, "0.5": 0.8429999999999997}, "0.1": {"0.1": 0.7896, "0.9": 0.8558, "0.5": 0.8484999999999998}, "0.2": {"0.5": 0.8481, "0.1": 0.7839000000000002, "0.9": 0.8568}, "0.4": {"0.1": 0.7652, "0.5": 0.8422999999999998, "0.9": 0.8520000000000001}, "0.5": {"0.1": 0.7590999999999999, "0.9": 0.8462999999999999, "0.5": 0.8305999999999999}, "0.7": {"0.1": 0.7356, "0.5": 0.8139999999999998, "0.9": 0.8343999999999999}, "0.6": {"0.5": 0.8248, "0.1": 0.7371, "0.9": 0.8424999999999999}, "0.9": {"0.1": 0.6109, "0.9": 0.7882999999999999, "0.5": 0.7563}, "0.8": {"0.5": 0.796, "0.1": 0.6786000000000001, "0.9": 0.8208}}