{"0.5": {"0.9": 0.6537999999999999}, "0.4": {"0.9": 0.6546000000000001}, "0.3": {"0.9": 0.6549999999999999}, "0.2": {"0.9": 0.6547000000000001}, "0.1": {"0.9": 0.6534}, "0.6": {"0.9": 0.6602}, "0.7": {"0.9": 0.6613}, "0.9": {"0.9": 0.6578}, "0.8": {"0.9": 0.6626000000000001}}