{"0.3": {"0.1": 0.19290000000000002, "0.9": 0.536, "0.5": 0.4882999999999999}, "0.1": {"0.1": 0.252, "0.9": 0.5706, "0.5": 0.5074}, "0.2": {"0.5": 0.5128, "0.1": 0.22430000000000003, "0.9": 0.5551}, "0.4": {"0.1": 0.15910000000000002, "0.5": 0.46049999999999996, "0.9": 0.5307999999999999}, "0.5": {"0.1": 0.12140000000000002, "0.9": 0.5051000000000001, "0.5": 0.44049999999999995}, "0.7": {"0.1": 0.0471, "0.5": 0.3335, "0.9": 0.4537000000000001}, "0.6": {"0.5": 0.4064, "0.1": 0.08020000000000001, "0.9": 0.48860000000000003}, "0.9": {"0.1": 0.008199999999999999, "0.5": 0.1321, "0.9": 0.23080000000000003}, "0.8": {"0.5": 0.2197, "0.1": 0.0279, "0.9": 0.3980999999999999}}