{"0.5": {"0.9": 0.6535}, "0.4": {"0.9": 0.6542}, "0.3": {"0.9": 0.655}, "0.2": {"0.9": 0.6537999999999999}, "0.1": {"0.9": 0.6537}, "0.7": {"0.9": 0.6538999999999999}, "0.8": {"0.9": 0.6516000000000001}, "0.9": {"0.9": 0.6508999999999999}, "0.6": {"0.9": 0.6606}}