{"0.5": {"0.9": 0.6544000000000001}, "0.4": {"0.9": 0.6551}, "0.3": {"0.9": 0.6555}, "0.2": {"0.9": 0.6548999999999999}, "0.1": {"0.9": 0.654}, "0.6": {"0.9": 0.6603000000000001}, "0.9": {"0.9": 0.6583}, "0.7": {"0.9": 0.6623}, "0.8": {"0.9": 0.6631000000000001}}