{"0.3": {"0.1": 0.13679999999999998, "0.9": 0.4218, "0.5": 0.3236}, "0.1": {"0.1": 0.1662, "0.9": 0.4469, "0.5": 0.35150000000000003}, "0.2": {"0.5": 0.36539999999999995, "0.1": 0.12560000000000002, "0.9": 0.3899000000000001}, "0.4": {"0.1": 0.1046, "0.5": 0.3393, "0.9": 0.4101}, "0.5": {"0.1": 0.1068, "0.9": 0.38070000000000004, "0.5": 0.3115}, "0.7": {"0.1": 0.0812, "0.5": 0.25260000000000005, "0.9": 0.3244}, "0.6": {"0.5": 0.2794, "0.1": 0.10070000000000001, "0.9": 0.36649999999999994}, "0.9": {"0.1": 0.05239999999999999, "0.5": 0.093, "0.9": 0.1452}, "0.8": {"0.5": 0.181, "0.1": 0.0678, "0.9": 0.2663}}