{"0.5": {"0.9": 0.7166999999999999}, "0.4": {"0.9": 0.7186999999999999}, "0.3": {"0.9": 0.7213999999999999}, "0.6": {"0.9": 0.7112999999999999}, "0.7": {"0.9": 0.7087999999999999}, "0.2": {"0.9": 0.7230999999999999}, "0.8": {"0.9": 0.7052999999999999}, "0.9": {"0.9": 0.6897}, "0.1": {"0.9": 0.7243999999999999}}