{"0.5": {"0.9": 0.8034000000000001}, "0.4": {"0.9": 0.8019000000000002}, "0.3": {"0.9": 0.8021}, "0.2": {"0.9": 0.8013999999999999}, "0.1": {"0.9": 0.8043000000000001}, "0.9": {"0.9": 0.7412}, "0.8": {"0.9": 0.7904}, "0.6": {"0.9": 0.8017000000000001}, "0.7": {"0.9": 0.7968000000000001}}