{"0.5": {"0.9": 0.7146}, "0.4": {"0.9": 0.7192000000000001}, "0.3": {"0.9": 0.7219}, "0.2": {"0.9": 0.7272}, "0.6": {"0.9": 0.7101999999999999}, "0.7": {"0.9": 0.7021}, "0.8": {"0.9": 0.6891999999999999}, "0.9": {"0.9": 0.6699999999999999}, "0.1": {"0.9": 0.731}}