{"0.5": {"0.9": 0.8032}, "0.4": {"0.9": 0.8013000000000001}, "0.3": {"0.9": 0.8025}, "0.2": {"0.9": 0.8012}, "0.1": {"0.9": 0.8048000000000002}, "0.9": {"0.9": 0.745}, "0.8": {"0.9": 0.7895}, "0.7": {"0.9": 0.798}, "0.6": {"0.9": 0.8017}}