{"0.3": {"0.1": 0.7638999999999999, "0.9": 0.8247, "0.5": 0.8176}, "0.1": {"0.1": 0.7763000000000001, "0.9": 0.8294, "0.5": 0.8207000000000001}, "0.2": {"0.5": 0.8189, "0.1": 0.7731, "0.9": 0.8298}, "0.4": {"0.1": 0.7562, "0.5": 0.8168000000000001, "0.9": 0.8249999999999998}, "0.5": {"0.1": 0.7506, "0.9": 0.8227, "0.5": 0.8153}, "0.7": {"0.1": 0.7035999999999999, "0.5": 0.7983, "0.9": 0.8171999999999999}, "0.6": {"0.5": 0.8044, "0.1": 0.7352000000000001, "0.9": 0.8190999999999999}, "0.9": {"0.1": 0.5438999999999999, "0.9": 0.7816000000000001, "0.5": 0.7442}, "0.8": {"0.5": 0.7808, "0.1": 0.6805, "0.9": 0.8032}}