{"0.1": 0.7153333333333333, "0.2": 0.6981666666666667, "0.3": 0.7036666666666666, "0.4": 0.6999166666666667, "0.5": 0.6873999999999999, "0.6": 0.7037777777777778, "0.7": 0.6925714285714286, "0.8": 0.707375, "0.9": 0.7047777777777778}