{"0.5": {"0.9": 0.6793}, "0.4": {"0.9": 0.6777}, "0.3": {"0.9": 0.6775}, "0.6": {"0.9": 0.6757}, "0.7": {"0.9": 0.6689999999999999}, "0.9": {"0.9": 0.6489}, "0.8": {"0.9": 0.6607000000000001}, "0.2": {"0.9": 0.6843999999999999}, "0.1": {"0.9": 0.6857}}