{"0.3": {"0.1": 0.0027, "0.9": 0.1644, "0.5": 0.1169}, "0.1": {"0.1": 0.004200000000000001, "0.9": 0.15459999999999996, "0.5": 0.14179999999999998}, "0.2": {"0.5": 0.10459999999999998, "0.1": 0.010400000000000001, "0.9": 0.2237}, "0.4": {"0.1": 0.0035000000000000005, "0.5": 0.1266, "0.9": 0.18270000000000003}, "0.5": {"0.1": 0.0032, "0.9": 0.1585, "0.5": 0.0934}, "0.7": {"0.1": 0.0, "0.5": 0.0463, "0.9": 0.098}, "0.6": {"0.5": 0.0658, "0.1": 0.0019, "0.9": 0.1512}, "0.9": {"0.1": 0.0, "0.5": 0.0048000000000000004, "0.9": 0.0201}, "0.8": {"0.5": 0.0206, "0.1": 0.0, "0.9": 0.0748}}