{"0.3": {"0.1": 0.06409999999999999, "0.9": 0.3686, "0.5": 0.3148}, "0.1": {"0.1": 0.1034, "0.9": 0.40730000000000005, "0.5": 0.30879999999999996}, "0.2": {"0.5": 0.3364, "0.1": 0.0671, "0.9": 0.36879999999999996}, "0.4": {"0.1": 0.04469999999999999, "0.5": 0.2846, "0.9": 0.34979999999999994}, "0.5": {"0.1": 0.0316, "0.9": 0.3368, "0.5": 0.24739999999999998}, "0.7": {"0.1": 0.0079, "0.5": 0.17629999999999998, "0.9": 0.2829}, "0.6": {"0.5": 0.2209, "0.1": 0.0077, "0.9": 0.30720000000000003}, "0.9": {"0.1": 0.0008, "0.5": 0.032, "0.9": 0.1071}, "0.8": {"0.5": 0.1036, "0.1": 0.0018000000000000002, "0.9": 0.2117}}