{"0.3": {"0.9": 0.7522, "0.5": 0.7379999999999999, "0.1": 0.6530000000000001}, "0.2": {"0.9": 0.7602, "0.5": 0.7381, "0.1": 0.6045}, "0.1": {"0.9": 0.7609999999999999, "0.5": 0.7462, "0.1": 0.6294}, "0.4": {"0.1": 0.6163000000000001, "0.9": 0.7433, "0.5": 0.7167}, "0.5": {"0.9": 0.742, "0.5": 0.6738, "0.1": 0.5820000000000001}, "0.6": {"0.9": 0.7327999999999999, "0.5": 0.6557, "0.1": 0.6095999999999999}, "0.8": {"0.9": 0.6809999999999998, "0.5": 0.6563000000000001, "0.1": 0.5862999999999998}, "0.7": {"0.1": 0.61, "0.9": 0.6633, "0.5": 0.6121}, "0.9": {"0.1": 0.5614000000000001, "0.5": 0.5957999999999999, "0.9": 0.6525000000000001}}