{"0.3": {"0.1": 0.076, "0.9": 0.3717, "0.5": 0.3325000000000001}, "0.1": {"0.1": 0.1182, "0.9": 0.4074, "0.5": 0.3676}, "0.2": {"0.5": 0.34069999999999995, "0.1": 0.0873, "0.9": 0.38739999999999997}, "0.4": {"0.1": 0.05389999999999999, "0.5": 0.28830000000000006, "0.9": 0.35219999999999996}, "0.5": {"0.1": 0.0479, "0.9": 0.34099999999999997, "0.5": 0.26620000000000005}, "0.7": {"0.1": 0.022000000000000002, "0.5": 0.188, "0.9": 0.29100000000000004}, "0.6": {"0.5": 0.22780000000000006, "0.1": 0.0273, "0.9": 0.32809999999999995}, "0.9": {"0.1": 0.008799999999999999, "0.5": 0.0405, "0.9": 0.1254}, "0.8": {"0.5": 0.14119999999999996, "0.1": 0.013499999999999998, "0.9": 0.2234}}