{"0.5": {"0.9": 0.7139999999999999}, "0.4": {"0.9": 0.7204999999999998}, "0.3": {"0.9": 0.7224999999999999}, "0.2": {"0.9": 0.7264999999999999}, "0.6": {"0.9": 0.7087}, "0.7": {"0.9": 0.7004}, "0.8": {"0.9": 0.6879}, "0.9": {"0.9": 0.6683999999999999}, "0.1": {"0.9": 0.7304}}