{"0.4": {"0.1": 0.7601, "0.5": 0.8138, "0.9": 0.8240000000000001}, "0.3": {"0.1": 0.7654000000000001, "0.5": 0.8125, "0.9": 0.8215}, "0.2": {"0.1": 0.7742000000000001, "0.5": 0.8138, "0.9": 0.8201}, "0.1": {"0.1": 0.7838, "0.5": 0.8188000000000001, "0.9": 0.8194999999999999}, "0.5": {"0.1": 0.7473, "0.5": 0.8089000000000001, "0.9": 0.8213000000000001}, "0.6": {"0.1": 0.7403000000000001, "0.5": 0.8055, "0.9": 0.8173999999999999}, "0.7": {"0.1": 0.7197, "0.5": 0.7941, "0.9": 0.8109}, "0.8": {"0.1": 0.6966, "0.5": 0.7816, "0.9": 0.8008000000000001}, "0.9": {"0.1": 0.6434, "0.5": 0.7475999999999999, "0.9": 0.7754}}