{"0.3": {"0.1": 0.0114, "0.9": 0.1657, "0.5": 0.1267}, "0.1": {"0.1": 0.019700000000000002, "0.9": 0.15489999999999998, "0.5": 0.1441}, "0.2": {"0.5": 0.0986, "0.1": 0.0115, "0.9": 0.20130000000000003}, "0.4": {"0.1": 0.0162, "0.5": 0.1032, "0.9": 0.17360000000000003}, "0.5": {"0.1": 0.012899999999999998, "0.9": 0.15790000000000004, "0.5": 0.1045}, "0.7": {"0.1": 0.0045, "0.5": 0.06020000000000001, "0.9": 0.0966}, "0.6": {"0.5": 0.068, "0.1": 0.0085, "0.9": 0.14179999999999998}, "0.9": {"0.1": 0.0004, "0.5": 0.006, "0.9": 0.0159}, "0.8": {"0.5": 0.025500000000000002, "0.1": 0.0054, "0.9": 0.07}}