{"0.3": {"0.1": 0.7649, "0.9": 0.8245999999999999, "0.5": 0.8155999999999999}, "0.1": {"0.1": 0.7773000000000001, "0.9": 0.8291999999999999, "0.5": 0.8213000000000001}, "0.2": {"0.5": 0.8185, "0.1": 0.7672, "0.9": 0.8268000000000001}, "0.4": {"0.1": 0.7467000000000001, "0.5": 0.8180999999999999, "0.9": 0.8280999999999998}, "0.5": {"0.1": 0.7509, "0.9": 0.8225, "0.5": 0.8125}, "0.6": {"0.5": 0.8090999999999999, "0.1": 0.7363, "0.9": 0.8181999999999998}, "0.7": {"0.1": 0.7131000000000001, "0.5": 0.7968, "0.9": 0.8143}, "0.9": {"0.1": 0.6265000000000002, "0.9": 0.7813000000000001, "0.5": 0.7548}, "0.8": {"0.5": 0.7849999999999999, "0.1": 0.6866999999999999, "0.9": 0.8045}}