{"0.5": {"0.9": 0.8033000000000001}, "0.4": {"0.9": 0.8016}, "0.3": {"0.9": 0.8023000000000001}, "0.2": {"0.9": 0.8010000000000002}, "0.1": {"0.9": 0.8049000000000002}, "0.9": {"0.9": 0.7333999999999999}, "0.8": {"0.9": 0.7893}, "0.7": {"0.9": 0.7981}, "0.6": {"0.9": 0.8009999999999999}}