{"0.1": 0.7440000000000001, "0.2": 0.7273333333333333, "0.3": 0.7413333333333334, "0.4": 0.733, "0.5": 0.7244666666666667, "0.6": 0.7169444444444445, "0.7": 0.7098571428571429, "0.8": 0.7056250000000001, "0.9": 0.6695555555555556}