{"0.5": {"0.9": 0.6786}, "0.4": {"0.9": 0.6782}, "0.3": {"0.9": 0.6781}, "0.6": {"0.9": 0.6759000000000001}, "0.7": {"0.9": 0.6701}, "0.9": {"0.9": 0.6518999999999999}, "0.2": {"0.9": 0.6838}, "0.8": {"0.9": 0.6662000000000001}, "0.1": {"0.9": 0.6862}}