{"0.5": {"0.9": 0.7127000000000001}, "0.4": {"0.9": 0.7159000000000001}, "0.3": {"0.9": 0.7209}, "0.2": {"0.9": 0.7248999999999999}, "0.6": {"0.9": 0.708}, "0.7": {"0.9": 0.6986}, "0.8": {"0.9": 0.6879000000000001}, "0.9": {"0.9": 0.6648000000000002}, "0.1": {"0.9": 0.73}}