{"0.4": {"0.1": 0.6672, "0.5": 0.6939, "0.9": 0.7439}, "0.3": {"0.1": 0.6860999999999999, "0.5": 0.7417999999999999, "0.9": 0.7543}, "0.2": {"0.1": 0.6477999999999999, "0.5": 0.7438, "0.9": 0.7616999999999999}, "0.1": {"0.1": 0.6685, "0.5": 0.749, "0.9": 0.7614}, "0.5": {"0.1": 0.6526, "0.5": 0.6936, "0.9": 0.7332}, "0.6": {"0.1": 0.6300999999999999, "0.5": 0.6605000000000001, "0.9": 0.7051000000000001}, "0.7": {"0.1": 0.6043999999999999, "0.5": 0.6282, "0.9": 0.6761}, "0.8": {"0.1": 0.6147000000000001, "0.5": 0.644, "0.9": 0.6348}, "0.9": {"0.1": 0.5532999999999999, "0.5": 0.6542000000000001, "0.9": 0.6432}}