{"0.1": 0.7856666666666667, "0.2": 0.7931666666666667, "0.3": 0.7856666666666666, "0.4": 0.7918333333333333, "0.5": 0.7648666666666667, "0.6": 0.742111111111111, "0.7": 0.7726190476190476, "0.8": 0.73425, "0.9": 0.6617407407407407}