{"0.1": 0.17881825776562618, "0.2": 0.24594476689048217, "0.3": 0.2180019008601907, "0.4": 0.15169225578924347, "0.5": 0.15539599410877616, "0.6": 0.1598077317287732, "0.7": 0.10045207679616282, "0.8": 0.04419711366851742, "0.9": 0.0014716703458425313}