{"0.5": {"0.9": 0.8036999999999999}, "0.4": {"0.9": 0.8016}, "0.3": {"0.9": 0.8020000000000002}, "0.2": {"0.9": 0.8012}, "0.1": {"0.9": 0.8048}, "0.9": {"0.9": 0.7458}, "0.8": {"0.9": 0.7893}, "0.7": {"0.9": 0.7983}, "0.6": {"0.9": 0.8026}}