{"0.1": 0.83, "0.2": 0.8293333333333331, "0.3": 0.8292222222222222, "0.4": 0.8330833333333333, "0.5": 0.8236666666666667, "0.6": 0.8255555555555555, "0.7": 0.8198571428571428, "0.8": 0.8092916666666667, "0.9": 0.7983703703703705}