{"0.5": {"0.9": 0.6667}, "0.4": {"0.9": 0.6665}, "0.3": {"0.9": 0.667}, "0.2": {"0.9": 0.6668000000000001}, "0.1": {"0.9": 0.6688000000000002}, "0.8": {"0.9": 0.6642}, "0.6": {"0.9": 0.6621}, "0.7": {"0.9": 0.6653}, "0.9": {"0.9": 0.6589}}