{"0.1": 0.3285043183940242, "0.2": 0.35528869680636666, "0.3": 0.335031811595627, "0.4": 0.3138913082239713, "0.5": 0.3078018358734647, "0.6": 0.27780248715165173, "0.7": 0.24881795562031064, "0.8": 0.1562671221547993, "0.9": 0.10701019867222838}