{"0.5": {"0.9": 0.7123999999999999}, "0.4": {"0.9": 0.7164999999999999}, "0.3": {"0.9": 0.7206}, "0.2": {"0.9": 0.7246}, "0.6": {"0.9": 0.7077}, "0.7": {"0.9": 0.6974}, "0.8": {"0.9": 0.6852000000000001}, "0.9": {"0.9": 0.6613}, "0.1": {"0.9": 0.7301}}