{"0.5": {"0.9": 0.7125000000000001}, "0.4": {"0.9": 0.7161}, "0.3": {"0.9": 0.721}, "0.2": {"0.9": 0.7245999999999999}, "0.6": {"0.9": 0.7078999999999999}, "0.7": {"0.9": 0.6989}, "0.8": {"0.9": 0.6867000000000001}, "0.9": {"0.9": 0.6658999999999999}, "0.1": {"0.9": 0.7303}}