{"0.3": {"0.1": 0.010300000000000002, "0.9": 0.1679, "0.5": 0.1368}, "0.1": {"0.1": 0.0183, "0.9": 0.15589999999999998, "0.5": 0.19180000000000003}, "0.2": {"0.5": 0.10110000000000001, "0.1": 0.030500000000000006, "0.9": 0.22310000000000002}, "0.4": {"0.1": 0.0187, "0.5": 0.11820000000000001, "0.9": 0.18760000000000002}, "0.5": {"0.1": 0.016300000000000002, "0.9": 0.1595, "0.5": 0.11230000000000002}, "0.6": {"0.5": 0.0754, "0.1": 0.005299999999999999, "0.9": 0.148}, "0.7": {"0.1": 0.002, "0.5": 0.06439999999999999, "0.9": 0.1121}, "0.9": {"0.1": 0.0001, "0.5": 0.0033, "0.9": 0.015999999999999997}, "0.8": {"0.5": 0.031200000000000006, "0.1": 0.0, "0.9": 0.054900000000000004}}