{"0.4": {"0.1": 0.7611000000000001, "0.5": 0.8141, "0.9": 0.8229}, "0.3": {"0.1": 0.766, "0.5": 0.8126999999999999, "0.9": 0.8214}, "0.2": {"0.1": 0.7726, "0.5": 0.8139, "0.9": 0.8198000000000001}, "0.1": {"0.1": 0.7830999999999999, "0.5": 0.8184999999999999, "0.9": 0.82}, "0.5": {"0.1": 0.7499, "0.5": 0.8109, "0.9": 0.8230999999999999}, "0.6": {"0.1": 0.7378, "0.5": 0.8061, "0.9": 0.8173999999999999}, "0.7": {"0.1": 0.7253999999999999, "0.5": 0.7967000000000001, "0.9": 0.8125}, "0.8": {"0.1": 0.6973, "0.5": 0.7807000000000001, "0.9": 0.8031}, "0.9": {"0.1": 0.6529, "0.5": 0.7525000000000001, "0.9": 0.7778}}