{"0.5": {"0.9": 0.6801}, "0.4": {"0.9": 0.6773999999999999}, "0.3": {"0.9": 0.6786000000000001}, "0.6": {"0.9": 0.6772}, "0.7": {"0.9": 0.6695}, "0.9": {"0.9": 0.6466999999999999}, "0.8": {"0.9": 0.6622}, "0.2": {"0.9": 0.6839000000000001}, "0.1": {"0.9": 0.682}}