{"0.3": {"0.1": 0.0083, "0.9": 0.16770000000000002, "0.5": 0.13090000000000002}, "0.1": {"0.1": 0.0115, "0.9": 0.15139999999999998, "0.5": 0.19580000000000003}, "0.2": {"0.5": 0.10089999999999999, "0.1": 0.022000000000000002, "0.9": 0.22630000000000003}, "0.4": {"0.1": 0.014100000000000001, "0.5": 0.11840000000000002, "0.9": 0.18829999999999997}, "0.5": {"0.1": 0.0108, "0.9": 0.1598, "0.5": 0.1079}, "0.7": {"0.1": 0.005, "0.5": 0.05899999999999998, "0.9": 0.11480000000000001}, "0.6": {"0.5": 0.07239999999999999, "0.1": 0.0058, "0.9": 0.14440000000000003}, "0.9": {"0.1": 0.0012000000000000001, "0.5": 0.0042, "0.9": 0.0196}, "0.8": {"0.5": 0.029699999999999997, "0.1": 0.00030000000000000003, "0.9": 0.055400000000000005}}