{"0.3": {"0.1": 0.0664, "0.9": 0.371, "0.5": 0.32239999999999996}, "0.1": {"0.1": 0.10089999999999999, "0.9": 0.4048000000000001, "0.5": 0.35509999999999997}, "0.2": {"0.5": 0.33140000000000003, "0.1": 0.09269999999999999, "0.9": 0.39730000000000004}, "0.4": {"0.1": 0.07020000000000001, "0.5": 0.27990000000000004, "0.9": 0.3529}, "0.5": {"0.1": 0.039099999999999996, "0.9": 0.3362, "0.5": 0.2509}, "0.7": {"0.1": 0.013000000000000001, "0.5": 0.1862, "0.9": 0.2682}, "0.6": {"0.5": 0.2209, "0.1": 0.016400000000000005, "0.9": 0.31100000000000005}, "0.9": {"0.1": 0.0038, "0.5": 0.035, "0.9": 0.0864}, "0.8": {"0.5": 0.095, "0.1": 0.005799999999999999, "0.9": 0.21309999999999998}}