{"0.3": {"0.1": 0.7653, "0.9": 0.8248999999999999, "0.5": 0.8168}, "0.1": {"0.1": 0.7766000000000001, "0.9": 0.8296999999999999, "0.5": 0.8254999999999999}, "0.2": {"0.5": 0.8188999999999999, "0.1": 0.7742, "0.9": 0.8286}, "0.4": {"0.1": 0.7583, "0.5": 0.818, "0.9": 0.8233}, "0.5": {"0.1": 0.7499, "0.9": 0.8223, "0.5": 0.8125}, "0.7": {"0.1": 0.7127999999999999, "0.5": 0.7988000000000001, "0.9": 0.8139999999999998}, "0.6": {"0.5": 0.8081000000000002, "0.1": 0.7358, "0.9": 0.8184999999999999}, "0.8": {"0.5": 0.7832000000000001, "0.1": 0.6578999999999999, "0.9": 0.8023999999999999}, "0.9": {"0.1": 0.6238, "0.9": 0.7773, "0.5": 0.7457}}