{"0.1": 0.8274851572954526, "0.2": 0.8249121739144663, "0.3": 0.8253577382360322, "0.4": 0.8184381645365203, "0.5": 0.8149547836961951, "0.6": 0.8126204145639452, "0.7": 0.8121226726136995, "0.8": 0.8058394474264078, "0.9": 0.790014671012333}