{"0.5": {"0.9": 0.6789}, "0.4": {"0.9": 0.6784000000000001}, "0.3": {"0.9": 0.6793000000000001}, "0.6": {"0.9": 0.6737}, "0.7": {"0.9": 0.6698}, "0.8": {"0.9": 0.6646}, "0.2": {"0.9": 0.6831000000000002}, "0.9": {"0.9": 0.643}, "0.1": {"0.9": 0.6855}}