{"0.4": {"0.1": 0.7610000000000001, "0.5": 0.8139, "0.9": 0.8230000000000001}, "0.3": {"0.1": 0.7664, "0.5": 0.8124, "0.9": 0.8213999999999999}, "0.2": {"0.1": 0.7738, "0.5": 0.8141, "0.9": 0.82}, "0.1": {"0.1": 0.7838, "0.5": 0.8183999999999999, "0.9": 0.819}, "0.5": {"0.1": 0.7482, "0.5": 0.8112, "0.9": 0.8202}, "0.6": {"0.1": 0.7385, "0.5": 0.8068000000000002, "0.9": 0.8173999999999999}, "0.7": {"0.1": 0.7214999999999999, "0.5": 0.797, "0.9": 0.8119999999999999}, "0.8": {"0.1": 0.6943999999999999, "0.5": 0.7827, "0.9": 0.8030000000000002}, "0.9": {"0.1": 0.6478, "0.5": 0.7524000000000001, "0.9": 0.7767999999999999}}