{"0.3": {"0.1": 0.7657, "0.9": 0.8246, "0.5": 0.8156000000000001}, "0.1": {"0.1": 0.7757999999999999, "0.9": 0.8292999999999999, "0.5": 0.8218}, "0.2": {"0.5": 0.8188000000000001, "0.1": 0.766, "0.9": 0.8265}, "0.4": {"0.1": 0.7436, "0.5": 0.8178000000000001, "0.9": 0.8282}, "0.5": {"0.1": 0.7502000000000001, "0.9": 0.8222999999999999, "0.5": 0.8121}, "0.7": {"0.1": 0.7093999999999999, "0.5": 0.7967000000000001, "0.9": 0.8145000000000001}, "0.6": {"0.5": 0.8092, "0.1": 0.7346999999999999, "0.9": 0.818}, "0.9": {"0.1": 0.6433, "0.9": 0.7812000000000001, "0.5": 0.7535999999999999}, "0.8": {"0.5": 0.7861, "0.1": 0.689, "0.9": 0.8041}}