{"0.4": {"0.1": 0.6172000000000002, "0.5": 0.6563, "0.9": 0.7449000000000001}, "0.3": {"0.1": 0.6467, "0.5": 0.7339, "0.9": 0.7525999999999999}, "0.2": {"0.1": 0.6039, "0.5": 0.7368000000000001, "0.9": 0.7587}, "0.1": {"0.1": 0.6297999999999999, "0.5": 0.7435, "0.9": 0.7611000000000001}, "0.5": {"0.1": 0.5435000000000001, "0.5": 0.7148999999999999, "0.9": 0.7237}, "0.6": {"0.1": 0.562, "0.5": 0.7120999999999998, "0.9": 0.7534000000000001}, "0.7": {"0.1": 0.6041, "0.5": 0.6301, "0.9": 0.7088}, "0.8": {"0.1": 0.5877, "0.5": 0.6600999999999999, "0.9": 0.6688}, "0.9": {"0.1": 0.5223, "0.5": 0.5643, "0.9": 0.6171}}