{"0.3": {"0.1": 0.0702, "0.9": 0.37249999999999994, "0.5": 0.32259999999999994}, "0.1": {"0.1": 0.10969999999999999, "0.9": 0.4069, "0.5": 0.35540000000000005}, "0.2": {"0.5": 0.33530000000000004, "0.1": 0.0982, "0.9": 0.3973}, "0.4": {"0.1": 0.07980000000000001, "0.5": 0.2842, "0.9": 0.3538}, "0.5": {"0.1": 0.0396, "0.9": 0.3399, "0.5": 0.25589999999999996}, "0.6": {"0.5": 0.2231, "0.1": 0.019200000000000002, "0.9": 0.31660000000000005}, "0.7": {"0.1": 0.0162, "0.5": 0.1859, "0.9": 0.2666}, "0.9": {"0.1": 0.0007, "0.5": 0.0354, "0.9": 0.083}, "0.8": {"0.5": 0.10169999999999998, "0.1": 0.007600000000000001, "0.9": 0.21390000000000003}}