{"0.1": 0.801, "0.2": 0.802, "0.3": 0.8022222222222221, "0.4": 0.79975, "0.5": 0.8005999999999999, "0.6": 0.8006666666666667, "0.7": 0.8010476190476191, "0.8": 0.8053333333333333, "0.9": 0.7816666666666666}