{"0.5": {"0.9": 0.6668}, "0.4": {"0.9": 0.6666}, "0.3": {"0.9": 0.6669}, "0.2": {"0.9": 0.6667999999999998}, "0.1": {"0.9": 0.6687000000000001}, "0.6": {"0.9": 0.6672}, "0.8": {"0.9": 0.6667999999999998}, "0.9": {"0.9": 0.6660000000000001}, "0.7": {"0.9": 0.6666000000000001}}