{"0.4": {"0.1": 0.6578999999999999, "0.5": 0.7314999999999999, "0.9": 0.7495}, "0.3": {"0.1": 0.6695, "0.5": 0.7433, "0.9": 0.7554999999999998}, "0.2": {"0.1": 0.6481999999999999, "0.5": 0.7427, "0.9": 0.7615999999999999}, "0.1": {"0.1": 0.6629999999999999, "0.5": 0.7502, "0.9": 0.7608000000000001}, "0.5": {"0.1": 0.6265, "0.5": 0.6855, "0.9": 0.7479}, "0.6": {"0.1": 0.6475, "0.5": 0.6760000000000002, "0.9": 0.7439}, "0.7": {"0.1": 0.6303, "0.5": 0.6347999999999999, "0.9": 0.6807999999999998}, "0.8": {"0.1": 0.6073000000000001, "0.5": 0.6618, "0.9": 0.6577999999999999}, "0.9": {"0.1": 0.5971, "0.5": 0.6413, "0.9": 0.6665}}