{"0.4": {"0.1": 0.7624000000000001, "0.5": 0.8136000000000001, "0.9": 0.8204999999999998}, "0.3": {"0.1": 0.7661, "0.5": 0.8121, "0.9": 0.8215}, "0.2": {"0.1": 0.7744000000000001, "0.5": 0.8138, "0.9": 0.8197000000000001}, "0.1": {"0.1": 0.7836000000000001, "0.5": 0.8185, "0.9": 0.8200999999999998}, "0.5": {"0.1": 0.7546, "0.5": 0.8093, "0.9": 0.8192999999999999}, "0.6": {"0.1": 0.7442000000000001, "0.5": 0.8054, "0.9": 0.8168}, "0.7": {"0.1": 0.7245999999999999, "0.5": 0.7974, "0.9": 0.8116}, "0.8": {"0.1": 0.7011999999999999, "0.5": 0.7834000000000001, "0.9": 0.8023000000000001}, "0.9": {"0.1": 0.6503, "0.5": 0.7518, "0.9": 0.7782}}