{"0.1": 0.6303333333333333, "0.2": 0.6325, "0.3": 0.6258888888888888, "0.4": 0.6171666666666668, "0.5": 0.6145333333333333, "0.6": 0.6043888888888889, "0.7": 0.5920952380952381, "0.8": 0.5822499999999999, "0.9": 0.6758148148148148}