{"0.5": {"0.9": 0.7599}, "0.4": {"0.9": 0.7678}, "0.3": {"0.9": 0.7746000000000002}, "0.2": {"0.9": 0.7784}, "0.6": {"0.9": 0.7521}, "0.7": {"0.9": 0.7398999999999999}, "0.8": {"0.9": 0.7224}, "0.9": {"0.9": 0.6878}, "0.1": {"0.9": 0.7787}}