{"0.5": {"0.9": 0.7599}, "0.4": {"0.9": 0.7676999999999999}, "0.3": {"0.9": 0.775}, "0.2": {"0.9": 0.7785}, "0.6": {"0.9": 0.7522}, "0.7": {"0.9": 0.7398}, "0.8": {"0.9": 0.7224}, "0.9": {"0.9": 0.6878}, "0.1": {"0.9": 0.7786000000000001}}