{"0.5": {"0.9": 0.6112}, "0.4": {"0.9": 0.6131}, "0.3": {"0.9": 0.6145999999999999}, "0.2": {"0.9": 0.6147}, "0.1": {"0.9": 0.6094000000000002}, "0.6": {"0.9": 0.6114999999999999}, "0.8": {"0.9": 0.611}, "0.9": {"0.9": 0.613}, "0.7": {"0.9": 0.6106999999999999}}