{"0.5": {"0.9": 0.7607}, "0.4": {"0.9": 0.7678999999999998}, "0.3": {"0.9": 0.7745}, "0.2": {"0.9": 0.7795000000000001}, "0.6": {"0.9": 0.7525999999999999}, "0.7": {"0.9": 0.7410000000000001}, "0.8": {"0.9": 0.7212}, "0.9": {"0.9": 0.6875}, "0.1": {"0.9": 0.7796}}