{"0.5": {"0.9": 0.764}, "0.4": {"0.9": 0.7664000000000002}, "0.3": {"0.9": 0.7659}, "0.2": {"0.9": 0.7676000000000001}, "0.1": {"0.9": 0.7715000000000001}, "0.9": {"0.9": 0.7212}, "0.8": {"0.9": 0.7539}, "0.7": {"0.9": 0.7606}, "0.6": {"0.9": 0.7631}}