{"0.5": {"0.9": 0.7641}, "0.4": {"0.9": 0.7664000000000001}, "0.3": {"0.9": 0.7659}, "0.2": {"0.9": 0.7677}, "0.1": {"0.9": 0.7716000000000001}, "0.9": {"0.9": 0.7205999999999999}, "0.7": {"0.9": 0.7562999999999999}, "0.6": {"0.9": 0.766}, "0.8": {"0.9": 0.7489}}