{"0.1": 0.6182656295015846, "0.2": 0.6119037325263007, "0.3": 0.604400884020371, "0.4": 0.6018018018018018, "0.5": 0.6166753156893271, "0.6": 0.6056500432401268, "0.7": 0.614323367103204, "0.8": 0.6044324324324324, "0.9": 0.6230379909026843}