{"0.5": {"0.9": 0.6117}, "0.4": {"0.9": 0.6134999999999999}, "0.3": {"0.9": 0.6153000000000001}, "0.2": {"0.9": 0.6154}, "0.1": {"0.9": 0.6099}, "0.7": {"0.9": 0.613}, "0.8": {"0.9": 0.6135}, "0.6": {"0.9": 0.6125}, "0.9": {"0.9": 0.611}}