{"0.1": 0.7384039181791991, "0.2": 0.7382908200028823, "0.3": 0.7309503218987219, "0.4": 0.7393873873873874, "0.5": 0.7378769532376174, "0.6": 0.7301335639473431, "0.7": 0.714397496087637, "0.8": 0.7053693693693693, "0.9": 0.6800884105323851}