{"0.5": {"0.9": 0.7304999999999999}, "0.4": {"0.9": 0.7376999999999999}, "0.3": {"0.9": 0.7472}, "0.6": {"0.9": 0.7176}, "0.7": {"0.9": 0.7082999999999999}, "0.2": {"0.9": 0.7499}, "0.8": {"0.9": 0.6894}, "0.9": {"0.9": 0.6646000000000001}, "0.1": {"0.9": 0.7535}}