{"0.1": 0.7484874675885912, "0.2": 0.7560167171062112, "0.3": 0.754107812049582, "0.4": 0.7518558558558559, "0.5": 0.7461223548405697, "0.6": 0.7482944172191793, "0.7": 0.740589737253933, "0.8": 0.7369009009009009, "0.9": 0.7201294125184189}