{"0.5": {"0.9": 0.7942}, "0.4": {"0.9": 0.7990000000000002}, "0.3": {"0.9": 0.8004999999999999}, "0.2": {"0.9": 0.7988999999999999}, "0.1": {"0.9": 0.7977000000000001}, "0.9": {"0.9": 0.7516}, "0.8": {"0.9": 0.7773000000000001}, "0.7": {"0.9": 0.7891}, "0.6": {"0.9": 0.7918000000000001}}