{"0.5": {"0.9": 0.7946000000000002}, "0.4": {"0.9": 0.7989}, "0.3": {"0.9": 0.8004}, "0.2": {"0.9": 0.7992}, "0.1": {"0.9": 0.7979}, "0.9": {"0.9": 0.7534000000000001}, "0.8": {"0.9": 0.778}, "0.7": {"0.9": 0.7872000000000001}, "0.6": {"0.9": 0.7912000000000001}}