{"0.1": 0.777009507346586, "0.2": 0.7723014843637411, "0.3": 0.7668876717593927, "0.4": 0.7618018018018019, "0.5": 0.7612869745718734, "0.6": 0.7511290477563178, "0.7": 0.7486615600032946, "0.8": 0.7303783783783784, "0.9": 0.697898648215773}