{"0.5": {"0.9": 0.6117}, "0.4": {"0.9": 0.6134000000000001}, "0.3": {"0.9": 0.6152}, "0.2": {"0.9": 0.6154}, "0.1": {"0.9": 0.6098000000000001}, "0.8": {"0.9": 0.6115}, "0.6": {"0.9": 0.6115999999999999}, "0.9": {"0.9": 0.6137}, "0.7": {"0.9": 0.6110999999999999}}