{"0.5": {"0.9": 0.7599}, "0.4": {"0.9": 0.7678}, "0.3": {"0.9": 0.7748999999999999}, "0.2": {"0.9": 0.7788}, "0.6": {"0.9": 0.7526999999999999}, "0.7": {"0.9": 0.7384999999999999}, "0.8": {"0.9": 0.7204}, "0.9": {"0.9": 0.6865}, "0.1": {"0.9": 0.7790000000000001}}