{"0.1": 0.7018150388936905, "0.2": 0.7022625738579046, "0.3": 0.7034688190640915, "0.4": 0.7003243243243243, "0.5": 0.6976301677910396, "0.6": 0.6977995579898145, "0.7": 0.6861872992340006, "0.8": 0.6800720720720722, "0.9": 0.6522839387532834}