{"0.5": {"0.9": 0.6998}, "0.4": {"0.9": 0.7017}, "0.3": {"0.9": 0.7032}, "0.2": {"0.9": 0.7027999999999999}, "0.1": {"0.9": 0.7051}, "0.8": {"0.9": 0.6909}, "0.6": {"0.9": 0.6975}, "0.9": {"0.9": 0.6735}, "0.7": {"0.9": 0.6970999999999999}}