{"0.5": {"0.9": 0.6999}, "0.4": {"0.9": 0.7015}, "0.3": {"0.9": 0.7032}, "0.2": {"0.9": 0.7027999999999999}, "0.1": {"0.9": 0.7047999999999999}, "0.9": {"0.9": 0.6736}, "0.8": {"0.9": 0.6891}, "0.6": {"0.9": 0.6979}, "0.7": {"0.9": 0.6948999999999999}}