{"0.5": {"0.9": 0.7308999999999999}, "0.4": {"0.9": 0.7381999999999999}, "0.3": {"0.9": 0.7480999999999999}, "0.6": {"0.9": 0.7190999999999999}, "0.2": {"0.9": 0.75}, "0.7": {"0.9": 0.7078}, "0.8": {"0.9": 0.6904999999999999}, "0.9": {"0.9": 0.6631}, "0.1": {"0.9": 0.7515999999999999}}