{"0.5": {"0.9": 0.7642}, "0.4": {"0.9": 0.7666000000000001}, "0.3": {"0.9": 0.7657}, "0.2": {"0.9": 0.7677}, "0.1": {"0.9": 0.7714000000000001}, "0.9": {"0.9": 0.7193999999999999}, "0.8": {"0.9": 0.7541}, "0.7": {"0.9": 0.761}, "0.6": {"0.9": 0.7633}}