{"0.5": {"0.9": 0.6990999999999999}, "0.4": {"0.9": 0.7009}, "0.3": {"0.9": 0.7030999999999998}, "0.2": {"0.9": 0.7021}, "0.1": {"0.9": 0.7047999999999999}, "0.8": {"0.9": 0.6902}, "0.6": {"0.9": 0.6975}, "0.9": {"0.9": 0.6715000000000001}, "0.7": {"0.9": 0.6961999999999999}}