{"0.5": {"0.9": 0.7944000000000001}, "0.4": {"0.9": 0.7985}, "0.3": {"0.9": 0.8002}, "0.2": {"0.9": 0.7990000000000002}, "0.1": {"0.9": 0.7982000000000001}, "0.9": {"0.9": 0.7519999999999999}, "0.8": {"0.9": 0.7779}, "0.7": {"0.9": 0.7875}, "0.6": {"0.9": 0.7924}}