{"0.5": {"0.9": 0.6995}, "0.4": {"0.9": 0.7012999999999999}, "0.3": {"0.9": 0.703}, "0.2": {"0.9": 0.7024999999999999}, "0.1": {"0.9": 0.7050999999999998}, "0.9": {"0.9": 0.6777000000000001}, "0.8": {"0.9": 0.6846}, "0.7": {"0.9": 0.6927}, "0.6": {"0.9": 0.6975}}