{"0.5": {"0.9": 0.7312999999999998}, "0.4": {"0.9": 0.7381999999999999}, "0.3": {"0.9": 0.7469999999999999}, "0.6": {"0.9": 0.7217}, "0.7": {"0.9": 0.7116999999999999}, "0.2": {"0.9": 0.7524}, "0.8": {"0.9": 0.6950999999999998}, "0.9": {"0.9": 0.6645000000000001}, "0.1": {"0.9": 0.7535000000000001}}