{"0.5": {"0.9": 0.764}, "0.4": {"0.9": 0.7665000000000001}, "0.3": {"0.9": 0.7659999999999999}, "0.2": {"0.9": 0.7677}, "0.1": {"0.9": 0.7716000000000001}, "0.9": {"0.9": 0.7159}, "0.6": {"0.9": 0.7621000000000001}, "0.7": {"0.9": 0.7591999999999999}, "0.8": {"0.9": 0.752}}