{"0.5": {"0.9": 0.6112}, "0.4": {"0.9": 0.613}, "0.3": {"0.9": 0.6146}, "0.2": {"0.9": 0.6147}, "0.1": {"0.9": 0.6093000000000001}, "0.7": {"0.9": 0.6116}, "0.8": {"0.9": 0.6103999999999999}, "0.6": {"0.9": 0.6078}, "0.9": {"0.9": 0.6087}}