{"0.1": 0.791126476519735, "0.2": 0.796944804726906, "0.3": 0.7961948688382819, "0.4": 0.7897657657657658, "0.5": 0.7942685809836821, "0.6": 0.7951859325454022, "0.7": 0.7768717568569311, "0.8": 0.7785945945945946, "0.9": 0.756006150297905}