{"0.5": {"0.9": 0.7602999999999999}, "0.4": {"0.9": 0.7684}, "0.3": {"0.9": 0.7746000000000002}, "0.2": {"0.9": 0.779}, "0.6": {"0.9": 0.7522}, "0.7": {"0.9": 0.7403000000000001}, "0.8": {"0.9": 0.7207999999999999}, "0.9": {"0.9": 0.6866000000000001}, "0.1": {"0.9": 0.7787}}