{"0.5": {"0.9": 0.7944000000000002}, "0.4": {"0.9": 0.799}, "0.3": {"0.9": 0.8004999999999999}, "0.2": {"0.9": 0.7993}, "0.1": {"0.9": 0.7981}, "0.9": {"0.9": 0.7521}, "0.8": {"0.9": 0.778}, "0.7": {"0.9": 0.7868999999999999}, "0.6": {"0.9": 0.7910000000000001}}