{"0.1": 0.7625333333333333, "0.2": 0.7597333333333333, "0.3": 0.7587333333333334, "0.4": 0.7613833333333333, "0.5": 0.7600666666666666, "0.6": 0.7568999999999999, "0.7": 0.7591333333333333, "0.8": 0.7672166666666668, "0.9": 0.7772518518518519}