{"0.5": {"0.9": 0.7708}, "0.4": {"0.9": 0.7682}, "0.3": {"0.9": 0.7656000000000001}, "0.2": {"0.9": 0.7680999999999999}, "0.1": {"0.9": 0.7718999999999999}, "0.8": {"0.9": 0.7483000000000001}, "0.7": {"0.9": 0.7530000000000001}, "0.9": {"0.9": 0.7162000000000001}, "0.6": {"0.9": 0.7585999999999998}}