{"0.3": {"0.1": 0.03860000000000001, "0.9": 0.31239999999999996, "0.5": 0.22999999999999998}, "0.1": {"0.1": 0.05219999999999999, "0.9": 0.3605, "0.5": 0.25440000000000007}, "0.2": {"0.5": 0.2776, "0.1": 0.044300000000000006, "0.9": 0.3359}, "0.4": {"0.1": 0.0245, "0.5": 0.22970000000000002, "0.9": 0.31770000000000004}, "0.5": {"0.1": 0.028300000000000002, "0.9": 0.28279999999999994, "0.5": 0.1898}, "0.7": {"0.1": 0.0149, "0.5": 0.10859999999999999, "0.9": 0.19820000000000002}, "0.6": {"0.5": 0.1613, "0.1": 0.0207, "0.9": 0.2492}, "0.9": {"0.1": 0.002, "0.9": 0.0353, "0.5": 0.0177}, "0.8": {"0.5": 0.060799999999999986, "0.1": 0.0086, "0.9": 0.1142}}