{"0.5": {"0.9": 0.7327}, "0.4": {"0.9": 0.7368}, "0.3": {"0.9": 0.738}, "0.6": {"0.9": 0.7262}, "0.7": {"0.9": 0.7211000000000001}, "0.8": {"0.9": 0.7117}, "0.2": {"0.9": 0.7399}, "0.9": {"0.9": 0.7009000000000001}, "0.1": {"0.9": 0.7434999999999999}}