{"0.5": {"0.9": 0.7282000000000001}, "0.4": {"0.9": 0.7293000000000001}, "0.3": {"0.9": 0.7290000000000001}, "0.2": {"0.9": 0.7314}, "0.1": {"0.9": 0.731}, "0.7": {"0.9": 0.7324999999999999}, "0.9": {"0.9": 0.7177999999999999}, "0.8": {"0.9": 0.7295999999999999}, "0.6": {"0.9": 0.7311000000000001}}