{"0.5": {"0.9": 0.8554999999999999}, "0.4": {"0.9": 0.8581000000000001}, "0.3": {"0.9": 0.858}, "0.2": {"0.9": 0.8608}, "0.1": {"0.9": 0.8594999999999999}, "0.9": {"0.9": 0.8217000000000001}, "0.8": {"0.9": 0.8446999999999999}, "0.6": {"0.9": 0.8550000000000001}, "0.7": {"0.9": 0.851}}