{"0.3": {"0.1": 0.0244, "0.9": 0.30700000000000005, "0.5": 0.23679999999999998}, "0.1": {"0.1": 0.0258, "0.9": 0.36029999999999995, "0.5": 0.31629999999999997}, "0.2": {"0.5": 0.262, "0.1": 0.0248, "0.9": 0.3563}, "0.4": {"0.1": 0.016, "0.5": 0.2072, "0.9": 0.3008}, "0.5": {"0.1": 0.0235, "0.9": 0.26960000000000006, "0.5": 0.16920000000000002}, "0.7": {"0.1": 0.006900000000000001, "0.5": 0.09590000000000001, "0.9": 0.18369999999999997}, "0.6": {"0.5": 0.13930000000000003, "0.1": 0.0066, "0.9": 0.23089999999999997}, "0.9": {"0.1": 0.0017000000000000001, "0.5": 0.022600000000000002, "0.9": 0.0397}, "0.8": {"0.5": 0.058100000000000006, "0.1": 0.0032, "0.9": 0.13169999999999998}}