{"0.1": 0.7462666666666666, "0.2": 0.7383333333333334, "0.3": 0.7387777777777776, "0.4": 0.7444999999999999, "0.5": 0.7410800000000001, "0.6": 0.7327555555555555, "0.7": 0.7363142857142857, "0.8": 0.7305666666666667, "0.9": 0.7086740740740741}