{"0.5": {"0.9": 0.8766999999999999}, "0.4": {"0.9": 0.8802}, "0.3": {"0.9": 0.8821}, "0.2": {"0.9": 0.8833}, "0.1": {"0.9": 0.8846999999999999}, "0.9": {"0.9": 0.828}, "0.8": {"0.9": 0.8576}, "0.7": {"0.9": 0.8700000000000001}, "0.6": {"0.9": 0.8737999999999999}}