{"0.3": {"0.1": 0.013600000000000001, "0.9": 0.3072, "0.5": 0.22169999999999995}, "0.1": {"0.1": 0.0231, "0.9": 0.35350000000000004, "0.5": 0.2549}, "0.2": {"0.5": 0.2673, "0.1": 0.0396, "0.9": 0.3078}, "0.4": {"0.1": 0.009499999999999998, "0.5": 0.2153, "0.9": 0.3033}, "0.5": {"0.1": 0.002, "0.9": 0.25609999999999994, "0.5": 0.17809999999999998}, "0.7": {"0.1": 0.0016, "0.5": 0.0834, "0.9": 0.1857}, "0.6": {"0.5": 0.15389999999999998, "0.1": 0.0050999999999999995, "0.9": 0.2307}, "0.9": {"0.1": 0.0, "0.5": 0.0086, "0.9": 0.023200000000000002}, "0.8": {"0.5": 0.0522, "0.1": 0.0002, "0.9": 0.13520000000000001}}