{"0.1": 0.5233005552129153, "0.2": 0.5173279883778293, "0.3": 0.47026267208346245, "0.4": 0.4794510590155891, "0.5": 0.46518435711024747, "0.6": 0.44191622669625047, "0.7": 0.366916865088021, "0.8": 0.3199988274024856, "0.9": 0.17905097522163352}