{"0.5": {"0.9": 0.7697}, "0.4": {"0.9": 0.7683000000000001}, "0.3": {"0.9": 0.7653}, "0.2": {"0.9": 0.7681999999999999}, "0.1": {"0.9": 0.7713}, "0.8": {"0.9": 0.7441}, "0.7": {"0.9": 0.7514}, "0.9": {"0.9": 0.7052}, "0.6": {"0.9": 0.7579999999999999}}