{"0.3": {"0.1": 0.8069, "0.9": 0.8800000000000001, "0.5": 0.8737999999999999}, "0.1": {"0.1": 0.8099000000000001, "0.9": 0.8808, "0.5": 0.8756999999999999}, "0.2": {"0.5": 0.8732, "0.1": 0.8233, "0.9": 0.8858}, "0.4": {"0.1": 0.8057000000000001, "0.5": 0.8669, "0.9": 0.8777000000000001}, "0.5": {"0.1": 0.7927000000000002, "0.9": 0.8749, "0.5": 0.8651}, "0.7": {"0.1": 0.7623, "0.5": 0.8469, "0.9": 0.8651000000000002}, "0.6": {"0.5": 0.8553, "0.1": 0.7745, "0.9": 0.8719999999999999}, "0.9": {"0.1": 0.6521999999999999, "0.5": 0.7918000000000001, "0.9": 0.8259000000000001}, "0.8": {"0.5": 0.8305999999999999, "0.1": 0.7203, "0.9": 0.8511000000000001}}