{"0.5": {"0.9": 0.8526}, "0.4": {"0.9": 0.8541000000000001}, "0.3": {"0.9": 0.8549999999999999}, "0.2": {"0.9": 0.8545999999999999}, "0.1": {"0.9": 0.8539999999999999}, "0.9": {"0.9": 0.8138}, "0.8": {"0.9": 0.8417}, "0.6": {"0.9": 0.8506}, "0.7": {"0.9": 0.8464}}