{"0.5": {"0.9": 0.7274999999999999}, "0.4": {"0.9": 0.7294}, "0.3": {"0.9": 0.7285}, "0.2": {"0.9": 0.7308999999999999}, "0.1": {"0.9": 0.7314}, "0.7": {"0.9": 0.726}, "0.6": {"0.9": 0.7260000000000001}, "0.8": {"0.9": 0.7222000000000001}, "0.9": {"0.9": 0.7178}}