{"0.1": 0.8544666666666667, "0.2": 0.8564666666666666, "0.3": 0.855488888888889, "0.4": 0.8565999999999999, "0.5": 0.85428, "0.6": 0.8548555555555556, "0.7": 0.8578571428571428, "0.8": 0.8587000000000001, "0.9": 0.8592814814814815}