{"0.3": {"0.1": 0.0784, "0.9": 0.4609, "0.5": 0.40279999999999994}, "0.1": {"0.1": 0.0875, "0.9": 0.47729999999999995, "0.5": 0.45070000000000005}, "0.2": {"0.5": 0.39740000000000003, "0.1": 0.10750000000000001, "0.9": 0.5103}, "0.4": {"0.1": 0.071, "0.5": 0.36350000000000005, "0.9": 0.4582}, "0.5": {"0.1": 0.0595, "0.9": 0.42230000000000006, "0.5": 0.3338}, "0.7": {"0.1": 0.0227, "0.5": 0.24109999999999995, "0.9": 0.3467}, "0.6": {"0.5": 0.2887, "0.1": 0.0385, "0.9": 0.3954}, "0.9": {"0.1": 0.014600000000000002, "0.5": 0.0661, "0.9": 0.1271}, "0.8": {"0.5": 0.15500000000000003, "0.1": 0.0183, "0.9": 0.2666}}