{"0.3": {"0.1": 0.8083, "0.9": 0.8799000000000001, "0.5": 0.8729999999999999}, "0.1": {"0.1": 0.8150999999999999, "0.9": 0.8803999999999998, "0.5": 0.8794000000000001}, "0.2": {"0.5": 0.8727, "0.1": 0.8263999999999999, "0.9": 0.8823000000000001}, "0.4": {"0.1": 0.8049, "0.5": 0.8664000000000002, "0.9": 0.8782}, "0.5": {"0.1": 0.7989, "0.9": 0.8755, "0.5": 0.8634000000000001}, "0.6": {"0.5": 0.8572000000000001, "0.1": 0.7752000000000001, "0.9": 0.8703}, "0.7": {"0.1": 0.7632999999999999, "0.5": 0.8469999999999999, "0.9": 0.8644999999999999}, "0.9": {"0.1": 0.6658, "0.9": 0.8211999999999999, "0.5": 0.7882999999999999}, "0.8": {"0.5": 0.8268999999999999, "0.1": 0.7380000000000001, "0.9": 0.8516999999999999}}