{"0.3": {"0.1": 0.07619999999999999, "0.9": 0.4603, "0.5": 0.3877}, "0.1": {"0.1": 0.09109999999999999, "0.9": 0.4748, "0.5": 0.4035}, "0.2": {"0.5": 0.39929999999999993, "0.1": 0.1012, "0.9": 0.4902000000000001}, "0.4": {"0.1": 0.0685, "0.5": 0.3541, "0.9": 0.4554}, "0.5": {"0.1": 0.05910000000000001, "0.9": 0.4316, "0.5": 0.3221}, "0.6": {"0.5": 0.2872, "0.1": 0.040400000000000005, "0.9": 0.39330000000000004}, "0.7": {"0.1": 0.033100000000000004, "0.5": 0.23020000000000002, "0.9": 0.34709999999999996}, "0.9": {"0.1": 0.0017000000000000001, "0.5": 0.053200000000000004, "0.9": 0.12309999999999999}, "0.8": {"0.5": 0.16369999999999998, "0.1": 0.0218, "0.9": 0.2499}}