{"0.1": 0.824, "0.2": 0.8199666666666667, "0.3": 0.8157777777777778, "0.4": 0.8153166666666668, "0.5": 0.8081333333333333, "0.6": 0.807111111111111, "0.7": 0.8024952380952382, "0.8": 0.7919166666666667, "0.9": 0.782074074074074}