{"0.3": {"0.1": 0.8072999999999999, "0.9": 0.8801, "0.5": 0.8731}, "0.1": {"0.1": 0.8111, "0.9": 0.8802000000000001, "0.5": 0.8789000000000001}, "0.2": {"0.5": 0.8729999999999999, "0.1": 0.8262, "0.9": 0.8822000000000001}, "0.4": {"0.1": 0.8041, "0.5": 0.8667, "0.9": 0.8784000000000001}, "0.5": {"0.1": 0.7990000000000002, "0.9": 0.8756999999999999, "0.5": 0.8638000000000001}, "0.7": {"0.1": 0.7594000000000001, "0.5": 0.8468, "0.9": 0.8646}, "0.6": {"0.5": 0.8573000000000001, "0.1": 0.7706000000000001, "0.9": 0.8706999999999999}, "0.9": {"0.1": 0.6531, "0.5": 0.7865, "0.9": 0.8204}, "0.8": {"0.5": 0.826, "0.1": 0.7354999999999999, "0.9": 0.8511000000000001}}