{"0.5": {"0.9": 0.7701}, "0.4": {"0.9": 0.7678}, "0.3": {"0.9": 0.7654000000000001}, "0.2": {"0.9": 0.7682}, "0.1": {"0.9": 0.7722999999999999}, "0.6": {"0.9": 0.7635000000000001}, "0.8": {"0.9": 0.7541}, "0.7": {"0.9": 0.7650999999999999}, "0.9": {"0.9": 0.7247}}