{"0.1": 0.2616140559857058, "0.2": 0.22303992303992304, "0.3": 0.23005328105346126, "0.4": 0.22060234755420224, "0.5": 0.1842562375895709, "0.6": 0.18079002761063198, "0.7": 0.16781888907324446, "0.8": 0.10034558904276332, "0.9": 0.036522792777433886}