{"0.3": {"0.1": 0.047400000000000005, "0.9": 0.4575, "0.5": 0.38589999999999997}, "0.1": {"0.1": 0.06339999999999998, "0.9": 0.47380000000000005, "0.5": 0.43019999999999997}, "0.2": {"0.5": 0.39299999999999996, "0.1": 0.0974, "0.9": 0.49030000000000007}, "0.4": {"0.1": 0.0749, "0.5": 0.3504, "0.9": 0.4551}, "0.5": {"0.1": 0.0228, "0.9": 0.4285, "0.5": 0.33249999999999996}, "0.7": {"0.1": 0.009399999999999999, "0.5": 0.20860000000000004, "0.9": 0.33120000000000005}, "0.6": {"0.5": 0.29419999999999996, "0.1": 0.0172, "0.9": 0.3921}, "0.9": {"0.1": 0.0002, "0.9": 0.1262, "0.5": 0.04440000000000001}, "0.8": {"0.5": 0.1264, "0.1": 0.006500000000000001, "0.9": 0.2564}}