{"0.5": {"0.9": 0.8551}, "0.4": {"0.9": 0.8581000000000001}, "0.3": {"0.9": 0.8581}, "0.2": {"0.9": 0.8602000000000001}, "0.1": {"0.9": 0.8599}, "0.9": {"0.9": 0.8272999999999999}, "0.8": {"0.9": 0.8472}, "0.6": {"0.9": 0.8564}, "0.7": {"0.9": 0.8535}}