{"0.5": {"0.9": 0.8769}, "0.4": {"0.9": 0.8804000000000002}, "0.3": {"0.9": 0.882}, "0.2": {"0.9": 0.883}, "0.1": {"0.9": 0.8846999999999999}, "0.9": {"0.9": 0.8328999999999999}, "0.8": {"0.9": 0.8568999999999999}, "0.7": {"0.9": 0.8676}, "0.6": {"0.9": 0.8752000000000001}}