{"0.5": {"0.9": 0.7684999999999998}, "0.4": {"0.9": 0.774}, "0.3": {"0.9": 0.7787000000000001}, "0.2": {"0.9": 0.7822}, "0.6": {"0.9": 0.7605999999999999}, "0.7": {"0.9": 0.7529999999999999}, "0.8": {"0.9": 0.7387}, "0.9": {"0.9": 0.7081999999999999}, "0.1": {"0.9": 0.7839999999999999}}