{"0.1": 0.8882301442955094, "0.2": 0.8824966830414906, "0.3": 0.8836134934248142, "0.4": 0.8861249345066239, "0.5": 0.8805254512055449, "0.6": 0.8762227381525846, "0.7": 0.8707843226839843, "0.8": 0.8624481619530905, "0.9": 0.8439447413982011}