{"0.3": {"0.1": 0.035100000000000006, "0.9": 0.311, "0.5": 0.24209999999999998}, "0.1": {"0.1": 0.0422, "0.9": 0.36179999999999995, "0.5": 0.32270000000000004}, "0.2": {"0.5": 0.2713, "0.1": 0.028099999999999997, "0.9": 0.3593}, "0.4": {"0.1": 0.0205, "0.5": 0.2109, "0.9": 0.3033}, "0.5": {"0.1": 0.0234, "0.9": 0.27090000000000003, "0.5": 0.1787}, "0.6": {"0.5": 0.14550000000000002, "0.1": 0.0076, "0.9": 0.2313}, "0.7": {"0.1": 0.0021999999999999997, "0.5": 0.10329999999999999, "0.9": 0.18180000000000002}, "0.9": {"0.1": 0.0, "0.5": 0.015999999999999997, "0.9": 0.031700000000000006}, "0.8": {"0.5": 0.05770000000000001, "0.1": 0.0024000000000000002, "0.9": 0.12779999999999997}}