{"0.5": {"0.9": 0.7327}, "0.4": {"0.9": 0.7341}, "0.3": {"0.9": 0.7390000000000001}, "0.6": {"0.9": 0.7278}, "0.7": {"0.9": 0.7222999999999999}, "0.8": {"0.9": 0.7078999999999999}, "0.2": {"0.9": 0.7415}, "0.9": {"0.9": 0.6977999999999999}, "0.1": {"0.9": 0.7454999999999999}}