{"0.5": {"0.9": 0.7704000000000001}, "0.4": {"0.9": 0.7683000000000001}, "0.3": {"0.9": 0.766}, "0.2": {"0.9": 0.7684}, "0.1": {"0.9": 0.7716999999999999}, "0.9": {"0.9": 0.6908}, "0.8": {"0.9": 0.7447999999999999}, "0.6": {"0.9": 0.7609}, "0.7": {"0.9": 0.7555}}