{"0.5": {"0.9": 0.8765999999999998}, "0.4": {"0.9": 0.8805}, "0.3": {"0.9": 0.8817999999999999}, "0.2": {"0.9": 0.8832000000000001}, "0.1": {"0.9": 0.8844999999999998}, "0.9": {"0.9": 0.8333}, "0.8": {"0.9": 0.8572}, "0.7": {"0.9": 0.8676}, "0.6": {"0.9": 0.8751}}