{"0.3": {"0.1": 0.063, "0.9": 0.46019999999999994, "0.5": 0.38099999999999995}, "0.1": {"0.1": 0.07609999999999999, "0.9": 0.4755999999999999, "0.5": 0.3983}, "0.2": {"0.5": 0.3969, "0.1": 0.09240000000000001, "0.9": 0.4859000000000001}, "0.4": {"0.1": 0.06230000000000001, "0.5": 0.35730000000000006, "0.9": 0.45319999999999994}, "0.5": {"0.1": 0.049100000000000005, "0.9": 0.4288, "0.5": 0.3195}, "0.7": {"0.1": 0.03, "0.5": 0.22669999999999998, "0.9": 0.3452}, "0.6": {"0.5": 0.27849999999999997, "0.1": 0.037500000000000006, "0.9": 0.38869999999999993}, "0.9": {"0.1": 0.003, "0.5": 0.054299999999999994, "0.9": 0.1255}, "0.8": {"0.5": 0.15350000000000003, "0.1": 0.0172, "0.9": 0.24719999999999995}}