{"0.1": 0.8936000000000001, "0.2": 0.8955000000000001, "0.3": 0.8937555555555555, "0.4": 0.89355, "0.5": 0.8918133333333333, "0.6": 0.8893555555555555, "0.7": 0.886952380952381, "0.8": 0.8867333333333334, "0.9": 0.8792666666666666}