{"0.1": 0.7722000000000001, "0.2": 0.7717666666666667, "0.3": 0.7677111111111111, "0.4": 0.7635, "0.5": 0.7659733333333333, "0.6": 0.7591444444444444, "0.7": 0.7604285714285713, "0.8": 0.7501166666666667, "0.9": 0.7435777777777778}