{"0.5": {"0.9": 0.8769000000000002}, "0.4": {"0.9": 0.8801000000000002}, "0.3": {"0.9": 0.8817}, "0.2": {"0.9": 0.8832000000000001}, "0.1": {"0.9": 0.8846999999999999}, "0.9": {"0.9": 0.8314999999999999}, "0.8": {"0.9": 0.8553}, "0.7": {"0.9": 0.8671}, "0.6": {"0.9": 0.8734999999999999}}