{"0.5": {"0.9": 0.7684}, "0.4": {"0.9": 0.7742}, "0.3": {"0.9": 0.7774}, "0.2": {"0.9": 0.7825}, "0.6": {"0.9": 0.7615000000000001}, "0.7": {"0.9": 0.7519}, "0.8": {"0.9": 0.7372}, "0.9": {"0.9": 0.7133999999999999}, "0.1": {"0.9": 0.7857000000000001}}