{"0.5": {"0.9": 0.8596}, "0.4": {"0.9": 0.8596}, "0.3": {"0.9": 0.8601000000000001}, "0.2": {"0.9": 0.8632}, "0.1": {"0.9": 0.8623000000000001}, "0.9": {"0.9": 0.8267}, "0.8": {"0.9": 0.8483}, "0.7": {"0.9": 0.8553000000000001}, "0.6": {"0.9": 0.8564999999999999}}