{"0.3": {"0.1": 0.8076000000000001, "0.9": 0.8803000000000001, "0.5": 0.8684}, "0.1": {"0.1": 0.8135999999999999, "0.9": 0.8805, "0.5": 0.8722999999999999}, "0.2": {"0.5": 0.8729000000000001, "0.1": 0.8212999999999999, "0.9": 0.8794000000000001}, "0.4": {"0.1": 0.8023999999999999, "0.5": 0.8678000000000001, "0.9": 0.8775999999999999}, "0.5": {"0.1": 0.7990999999999999, "0.9": 0.8764, "0.5": 0.8617999999999999}, "0.6": {"0.5": 0.8577999999999999, "0.1": 0.7808, "0.9": 0.8696999999999999}, "0.7": {"0.1": 0.7739999999999999, "0.5": 0.8447999999999999, "0.9": 0.8651}, "0.9": {"0.1": 0.6694, "0.9": 0.8257, "0.5": 0.7942}, "0.8": {"0.5": 0.8308, "0.1": 0.7395999999999999, "0.9": 0.8523999999999999}}